date,43851610,74432010,23585110,91301710,88579Y10,26353410,05301510,29101110,14912310,94974610,26054310,36960410
2015-01-02,0.0031025339849293197,-0.00386909651570022,0.000116697425255552,0.000347834051353857,-0.00158233789261431,-0.00311067560687661,-0.0009595997398719189,0.000971996982116252,0.0038238663692027296,-0.0021889626514166602,-0.000438510352978483,-0.00831028819084167
2015-01-05,-0.0190562065690756,-0.031738992780447,-0.00991598796099424,-0.0166898313909769,-0.0225527063012123,-0.0269976649433374,-0.0007203452987596389,-0.0205534938722849,-0.0527862273156643,-0.0274223033338785,-0.0309278313070536,-0.0183559097349644
2015-01-06,-0.00233933445997536,-0.0207449570298195,-0.00683400267735124,-0.0141443256288767,-0.0106635484844446,-0.0115728080272675,-0.008350350894033909,-0.00165238417685032,-0.006434534676373001,-0.0208646729588509,-0.0160705987364054,-0.0215447433292866
2015-01-07,0.00723831914365292,0.000585152418352664,0.00605056528002024,0.0108501324430108,0.00724871875718236,0.0200310088694096,0.008784133009612559,-0.00215156003832817,0.0154966618865728,0.00595126440748572,-0.00161029887385666,0.00041546442662365697
2015-01-08,0.0182185769081116,0.0160252992063761,0.0154480841010809,0.017031829804182,0.0239674709737301,0.0307011660188437,0.0229401383548975,0.0262066349387169,0.0102494200691581,0.022137401625514,0.0248847454786301,0.0120432274416089
2015-01-09,-0.0166003797203302,-0.0177296902984381,-0.0067355921491980605,-0.00549502717331052,-0.0122838700190187,-0.0138199217617512,-0.007162153720855709,-0.0156779922544956,-0.0119490204378962,-0.0164301916956902,-0.00157373421825468,-0.0139515856280923
2015-01-12,-0.00485194940119982,-0.0130098527297378,-0.0123932836577296,0.00377127109095454,-0.00544480653479695,0.0123810023069382,-0.004907768685370679,-0.0119869187474251,-0.008670873939990999,-0.0119590181857348,-0.00585449952632189,-0.00208077998831868
2015-01-13,0.007110254839062691,-0.00985633302479982,-0.0014206551713869,-0.0009611237328499561,-0.000746611738577485,-0.0170676559209824,-0.00196082121692598,-0.00149570114444941,-0.00598453963175416,-0.00384247396141291,-0.0122310509905219,-0.00500412564724684
2015-01-14,-0.00463942578062415,-0.0263851881027222,-0.0157676562666893,-0.00717159127816558,-0.00485617481172085,-0.0025977911427617103,-0.00291739380918443,-0.0076565062627196295,-0.0034734634682536103,-0.0115718124434352,-0.0041275005787611,-0.0033528886269778
2015-01-15,-0.01600974611938,-0.0172456465661526,-0.0119248125702143,0.0,-0.00112608028575778,0.00274166674353182,-0.000418029056163505,-0.00402545882388949,-0.0121993729844689,-0.010341439396143,-0.0027630424592644,-0.008410460315644741
2015-01-16,0.0114303426817059,0.0152920689433813,0.0062172636389732396,0.0231677666306496,0.0146561209112406,0.0150375729426742,0.0103942984715104,0.0163354221731424,-0.00545539706945419,0.0181387644261122,0.0341722331941128,0.000424097932409495
2015-01-20,0.00773775344714522,-0.0060493564233183895,0.0052095991559326605,0.0118811642751098,-0.000370355293853208,0.00148148974403739,0.00472982786595821,0.0021541188471019303,0.00131171720568091,0.00697135180234909,-0.0147354286164045,0.0110216289758682
2015-01-21,0.00272778980433941,0.0011178280692547599,0.00349525013007224,0.0127626992762089,0.00370501936413348,-0.00242066034115851,-0.00482527539134026,0.00826719589531422,0.0166726391762495,0.00192304758820683,0.0138228097930551,0.007966479286551479
2015-01-22,0.0014105731388554,0.0200992897152901,0.0148930801078677,0.0119297504425049,0.020610349252819998,0.0122674042358995,0.0242431778460741,-0.0191865880042314,0.0169848538935185,0.0320537835359573,0.0138578210026026,0.00998335145413876
2015-01-23,0.0312908813357353,-0.018608596175909,-0.00426036212593317,-0.00390198081731796,-0.011272500269114999,-0.0173124987632036,0.00277101784013212,-0.0282561853528023,-0.0139368707314134,-0.00948488246649504,-0.0174162462353706,0.00823718495666981
2015-01-26,-0.00595122529193759,0.000743556302040815,-0.00570472702383995,-0.0102517362684011,0.00134130730293691,0.00433662673458457,-0.00322393537499011,0.022539597004652,0.0049059474840760205,0.00600832747295499,-0.00022432851255871402,0.00449348893016577
2015-01-27,-0.00971633940935135,-0.0158513784408569,0.0117140291258693,0.00345266237854958,-0.0037140806671232,-0.0125489179044962,-0.0108582936227322,-0.0358405038714409,-0.0718354135751724,-0.0113848559558392,-0.00875231623649597,-0.00854009762406349
2015-01-28,-0.0107036847621203,-0.0312067866325378,-0.0211484041064978,-0.0187982991337776,0.00189450313337147,-0.0200874730944633,-0.012845947407186002,-0.0186736416071653,0.0020038029178977,-0.0152917001396418,-0.0258093606680632,-0.0221492629498243
2015-01-29,0.0035062960814684603,-0.000389645138056949,0.0130356289446354,-0.00401985319331288,0.0133585603907704,0.0139450570568442,-0.0021294250618666397,0.0115596931427717,-0.00012501107994466998,0.0115030379965901,0.0460143983364105,0.0100671043619513
2015-01-30,-0.0240590609610081,-0.0140332877635956,-0.0184678062796593,-0.0143409036099911,-0.0230542458593845,-0.0206298995763063,-0.0215767603367567,0.00105480942875147,-0.00037498475285247,-0.0159211549907923,0.00333262677304447,-0.00789038743823767
2015-02-02,0.0205604992806912,0.0295203682035208,0.0165088698267937,0.0156822018325329,0.0130622005090118,0.00561721017584205,0.0110263377428055,0.0356516093015671,0.0108790183439851,0.0171418190002441,0.00132863980252296,0.0133947134017944
2015-02-03,0.0150345796719193,0.0252175312489271,0.0152853932231665,0.0198146980255842,0.0092446431517601,0.0240190085023642,0.02037388458848,0.0079701105132699,0.0380999743938446,0.012118904851376998,0.0369305200874806,0.0107393739745021
2015-02-04,-0.0051347552798688394,-0.0024971526581794,-0.00799812190234661,-0.009252237156033521,-0.00680971937254071,0.005591108929365871,0.0169133488088846,-0.0354979299008846,-0.0234747529029846,-0.00130967237055302,-0.0142887216061354,-0.012668551877141
2015-02-05,0.0157816018909216,-0.0572036504745483,0.0135168014094233,0.0196960661560297,0.0105576450005174,0.0306482538580895,0.00681446446105838,-0.00313972262665629,0.0197681859135628,0.0120686292648315,0.0341842919588089,0.0140728540718556
2015-02-06,-0.00576506135985255,0.0329262278974056,-0.00807209219783545,-0.00249773589894175,-0.00288199167698622,0.00131576939020306,-0.00837439205497503,-0.0020997854880988602,-0.00430777342990041,0.014533307403326,0.0125523488968611,0.00081634521484375
2015-02-09,-0.00157251756172627,-0.00694088544696569,-0.00400995370000601,-0.00408979132771492,-0.007406581193208691,-0.0049933935515582605,-0.0049745524302125,0.00561107648536563,0.0175459571182728,-0.004407744389027361,-0.0028926280792802603,0.00489392038434744
2015-02-10,0.008367025293409821,0.0106135085225105,0.0119597651064396,0.000670481298584491,0.00594522571191192,0.00343373138457537,0.00592947890982032,0.0120314294472337,-0.009094091132283209,0.00664085242897272,0.00497309770435095,0.0032467502169311103
2015-02-11,-9.76389710558578e-05,0.0142161957919598,0.00234032981097698,-0.000586257083341479,-0.00189972016960383,-0.0034219971857965,0.00346744176931679,0.0020675000268966,-0.00584026053547859,-0.0122777745127678,-0.008659755811095241,0.0020227001514285803
2015-02-12,0.0104461554437876,-0.00618771929293871,0.0109735559672117,0.00758272688835859,0.00869411416351795,0.0138206100091338,0.0106542622670531,0.0157739613205195,0.00143861782271415,0.0178107433021069,0.0222545675933361,0.00484452676028013
2015-02-13,0.008502389304339891,0.020711624994874,0.00242493161931634,0.0138807902112603,0.00018081357120536298,-0.00144187454134226,0.0114536127075553,0.0013652190100401599,0.0191547758877277,0.00856728386133909,0.005900246091186999,0.0104459719732404
2015-02-17,-0.0036405180580914,0.00771810160949826,-0.00011513082426972701,0.000577317085117102,0.0059057231992483104,0.0032817011233419197,-0.0184788666665554,-0.006475819274783129,0.00293668522499502,0.000722882687114179,0.00262947147712112,0.000795246858615428
2015-02-18,0.005961564835160971,-0.017171086743474,0.007488408591598271,0.00552256964147091,0.0028756035026162897,-0.0015701000811532099,0.00551022542640567,0.009433949366211891,-0.0067930924706161,-0.0153512461110949,-0.00322775566019118,0.00317838392220437
2015-02-19,0.000764616706874222,0.00930122565478086,-0.00240136194042862,0.007541649509221321,-0.0018518373835831898,-0.00301396590657532,0.0015984361525625,-0.00271877413615584,-0.0176886785775423,0.00073369249003008,0.00546449003741145,-0.000396030372940004
2015-02-20,0.00630376022309065,0.0135740283876658,0.005043586250394579,0.009763216599822041,0.00616433518007398,0.0077549465931952,0.0108856055885553,-0.000340781349223107,0.0136854667216539,0.00494868867099285,-0.0030193543061614,0.00799675565212965
2015-02-23,-0.00930147431790829,-0.0048261280171573205,-0.00935218669474125,-0.00314236874692142,0.00410422589629889,0.0103039117529988,0.00546880112960935,0.0011931739281863,-0.011250645853578998,0.00492425030097365,-0.0008075328660197559,-0.00158663268666714
2015-02-24,0.00419147126376629,0.0138025442138314,0.00207230378873646,0.000565791269764304,0.0018363696290180102,0.00568038271740079,0.0010093526216223801,-0.00323463464155793,0.0120972832664847,0.00490019004791975,0.00646594632416964,0.00874053686857224
2015-02-25,0.0008628603536635639,-0.00809513125568628,0.00206801807507873,-0.0033928279299289,-0.00135995587334037,0.0,-0.00212864042259753,-0.004269855096936229,0.007692325860261921,-0.000722360506188124,0.000802993366960436,0.0204805228859186
2015-02-26,-0.007184596266597509,0.00296769943088293,0.00676446128636599,-0.00567402597516775,0.00426313700154424,0.001668770913966,-0.00258227647282183,-0.006174967624247071,-0.0158543568104506,-0.00325321336276829,-0.0120360776782036,-0.000771920429542661
2015-02-27,-0.008297960273921491,-0.0032055496703833303,-0.00603574514389038,-0.0061954390257597,-0.0056600831449031795,-0.00230680895037949,0.0,-0.000345192587701604,-0.0107398750260472,-0.0065276627428829705,-0.000203011601115577,0.0038625099696219
2015-03-02,0.0175131652504206,0.0160791967064142,0.00217692996375263,0.0104995388537645,0.0109695000573993,0.00822092965245247,0.0150833409279585,0.00707879289984703,0.00120625423733145,0.0138711137697101,0.00223389104939997,0.00461719278246164
2015-03-03,-0.005163519643247129,-0.007912374101579191,-0.00480162538588047,-0.0120951822027564,-0.0130791533738375,-0.00535097671672702,-0.0164116583764553,0.0008571787038818,-0.0019277549581602198,-0.0018001525895670102,-0.0020263115875423,-0.00957487523555756
2015-03-04,-0.00951554998755455,-0.0110429637134075,-0.0107984198257327,-0.005423139315098521,-0.00659654475748539,0.00064048997592181,-0.0239571593701839,-0.0102775311097503,-0.0133992396295071,-0.0113616064190865,0.0064974557608366,-0.00773398159071803
2015-03-05,0.000776265864260495,0.00508689414709806,0.00267095258459449,-0.00206543295644224,0.00245276163332164,0.00256012473255396,0.00202140398323536,0.00519216107204556,-0.00269180489704013,0.000364838691893965,-0.0137179810553789,0.00623537972569466
2015-03-06,-0.0122175365686417,0.0196271613240242,-0.0129719153046608,-0.0112592149525881,-0.0191562119871378,-0.0022982673253864,-0.00870313867926598,-0.0261708050966263,-0.0177892837673426,-0.0045587164349854,-0.0194313917309046,-0.0154918525367975
2015-03-09,0.0124668357893825,0.00048427260480821106,0.0102088134735823,0.0194256026297808,0.0122292190790176,0.00550294760614634,0.00982607807964087,0.0095473313704133,0.009367974475026129,0.00146543351002038,-0.00020855906768702,0.00865457579493523
2015-03-10,-0.0191002637147903,-0.0335188359022141,-0.0167266223579645,-0.0357289388775826,-0.0247039776295424,0.00254546198993921,-0.0194610189646483,-0.0176882371306419,-0.0111371604725718,-0.0252423137426376,-0.0171082764863968,-0.0183307062834501
2015-03-11,-0.00513983052223921,0.007386957760900259,-0.00330772320739925,0.00800677016377449,-0.0032663552556186897,0.0066015524789691,0.0038167831953615,-0.0103405565023422,-0.00262804026715457,0.00769374798983335,-0.00700492085888982,0.000794614898040891
2015-03-12,0.0179830845445395,0.0232413969933987,0.0141044771298766,0.0245056748390198,0.0169418510049581,0.0139992507174611,0.016532314941287,0.00972799398005009,0.00614812457934022,0.0351955182850361,0.0145361330360174,0.00833660457283258
2015-03-13,-0.0125902881845832,-0.0144540555775166,-0.0042075808160007,-0.0206202585250139,-0.0105186095461249,0.00124376208987087,-0.0059034856967628,-0.0140945753082633,-0.0119715556502342,-0.00449721189215779,-0.00863885041326284,-0.0141731770709157
2015-03-16,0.0159138143062592,0.0237860530614853,0.0187794156372547,0.0112009588629007,0.0213223621249199,-0.0426087006926537,0.0171169228851795,0.0175534058362246,0.00933986902236938,0.007047332823276521,-0.000425089441705495,0.0163737945258617
2015-03-17,-0.00554582290351391,-0.00902852974832058,-0.00610606418922544,-0.00174897210672498,-0.0119127063080668,-0.0310107618570328,-0.0081282090395689,-0.009603430517017841,-0.0190071798861027,0.00322986370883882,-0.008505160920321941,-0.00550103327259421
2015-03-18,0.0159475319087505,-0.0059523549862206,0.0117074549198151,0.0037543545477092296,0.013639441691339,0.0178093444555998,0.00819481909275055,0.0195726379752159,0.0367113463580608,0.00465030083432794,0.0195153299719095,0.0130383223295212
2015-03-19,-0.00789676140993834,-0.0197971742600203,-0.00309345382265747,-0.00773003324866295,-0.00486572692170739,-0.0197342447936535,0.00022901286138221603,-0.008982006460428241,-0.0152465933933854,-0.0117500424385071,-0.0170383118093014,-0.0120904631912708
2015-03-20,0.0231023579835892,0.0307941809296608,0.0016090034041553699,0.000670144334435463,0.00501027284190059,-0.00228165066801012,0.00457816058769822,0.007463980000466109,0.0137346256524324,0.009007385931909079,0.01198376622051,0.00276350951753557
2015-03-23,-0.01043641846627,-0.0110063338652253,-0.00436035450547934,-0.00652937218546867,-0.00216229562647641,0.00107616139575839,-0.0052978964522481,0.0042335805483162394,-0.0012317539658397401,-0.00410640146583319,-0.00126879615709186,0.00275589362718165
2015-03-24,-0.00230110716074705,-0.0145529517903924,-0.0096807237714529,0.00202222657389939,0.00114369729999453,-0.0110185397788882,-0.00389443873427808,-0.00210783304646611,-0.00752241956070065,-0.0077088619582355,-0.000423469347879291,-0.00785233080387115
2015-03-25,-0.0204689335078001,-0.0148920891806483,-0.016816034913063,-0.0206861682236195,-0.0217653326690197,-0.0213315188884735,-0.0255849882960319,-0.0036965832114219705,-0.0077038109302520795,-0.0146341025829315,-0.00804908387362957,-0.0142461657524109
2015-03-26,0.00235453597269952,0.008314482867717741,-0.00035564647987484905,-0.00360637274570763,-0.000676094728987664,-0.00374839152209461,-0.00389419659040868,-0.00229677138850093,0.00025039623142220096,-0.000733423454221338,0.000640588870737702,-0.00441592186689377
2015-03-27,0.00773221999406815,-0.0112443966791034,0.0062855645082891,0.00741124292835593,0.0055969227105379105,-0.00153289583977312,0.0026062501128763,0.00123959081247449,-0.00262893200851977,-0.0069724968634545794,0.0281689651310444,0.00241941027343273
2015-03-30,0.0189394392073154,0.0155421197414398,0.0088391276076436,0.0165098402649164,0.0155963487923145,0.0129797663539648,0.0148883629590273,0.0008843161631375551,0.0213380772620439,0.0120103759691119,0.0192630235105753,0.0104585764929652
2015-03-31,-0.00571924587711692,-0.000746611738577485,-0.008177534677088259,-0.0137171158567071,-0.00662454729899764,-0.0152934771031141,-0.00291069969534874,0.000530107412487268,-0.0164680331945419,-0.00675550336018205,-0.0143796373158693,-0.0123408185318112
2015-04-01,-0.010257882066071,-0.0107085127383471,-0.0117785632610321,-0.0109214913100004,-0.0147316930815578,-0.00685599353164434,-0.00443714670836926,-0.0128929624333978,-0.00487316492944956,-0.00845593586564064,-0.00166732002981007,0.00120921758934856
2015-04-02,0.00261530675925314,0.013593478128314,0.0034565066453069396,0.0104382252320647,0.00172285735607147,0.00577621906995773,0.00774098094552755,-0.006262273527681829,0.00753388367593288,0.007971826009452341,0.00709812389686704,0.00402578013017774
2015-04-06,0.00946764275431633,-0.00509122107177973,0.009264743886888029,0.00623241998255253,0.0164618715643883,0.00854462292045355,0.0038408034015446897,0.0261073224246502,0.0155782653018832,-0.005333770532161,0.00912103243172169,0.0096230860799551
2015-04-07,-0.00344531168229878,-0.0056166322901845,0.00423679640516639,-0.00313934101723135,0.00441147573292255,-0.00458335876464844,-0.00457967119291425,-0.00912441592663527,-0.0116578349843621,-0.00110949284862727,-0.00328676751814783,-0.0063542434945702605
2015-04-08,-0.00268893479369581,0.007029059808701279,0.000234344814089127,0.00297896401025355,0.000360974401701242,0.000976694514974952,0.00832795165479183,0.00478130765259266,-0.00124160014092922,-0.00037024173070676603,-0.00309154018759728,-0.000399689393816516
2015-04-09,0.00519981607794762,0.0112176723778248,0.0012888179626315802,0.000339451100444421,0.00312737724743784,0.00264848675578833,0.00034652627073228397,-0.000352493079844862,0.00298356357961893,0.0035184931475669102,0.0076494263485074,0.0287884566932917
2015-04-10,0.0029696098063141103,-0.0097374701872468,-0.00561661273241043,0.00492027355358005,0.00167884200345725,0.004170763771981,-0.00300233415327966,0.0022919119801372303,0.0237976964563131,0.0023989863693714103,-0.0071810069493949405,0.10804510861635198
2015-04-13,-0.013562542386353,0.00784173421561718,0.00294186850078404,-0.0088637126609683,-0.007362248841673141,-0.0037381178699433795,-0.0048644682392478,0.0272647868841886,-0.00556899607181549,0.0049705533310771,-0.0024798291269689803,-0.0308663994073868
2015-04-14,-0.000290460680844262,-0.0130912382155657,0.0029332393314689398,0.00238479487597942,0.0009045414626598359,0.004169025458395479,-0.0034915669821202803,-0.0011986248428002,0.0104699367657304,-0.007327377330511809,0.0116014368832111,0.00361926830373704
2015-04-15,0.0052300333045423,0.0021273703314364,0.0014037799555808301,0.00152944435831159,0.00271098827943206,-0.00221427693031728,0.00163512479048222,0.0142293497920036,0.0260241404175758,0.0114412764087319,0.0262133665382862,-0.009736764244735241
2015-04-16,0.00125250266864896,0.0009990237886086108,-0.00186911260243505,-0.0033087246119976,-0.00330451247282326,0.0020804649684578198,-0.00443102698773146,-0.00422582821920514,-0.00140919839031994,0.0,-0.00718420697376132,-0.006554930936545129
2015-04-17,-0.0213625989854336,-0.0128493811935186,-0.0142790405079722,-0.0201736688613892,-0.0251973755657673,-0.00968853943049908,-0.0216678213328123,-0.00814801454544067,-0.0125681478530168,-0.0138661218807101,-0.00180904834996909,-0.0010997318895533698
2015-04-20,0.00865294877439737,0.0101099843159318,0.00831152871251106,0.0121622923761606,0.0173148699104786,0.0180292557924986,0.0152041697874665,0.0046209217980504,0.0158501397818327,0.0057354555465281,0.00865888688713312,-0.00844035018235445
2015-04-21,-0.0121856108307838,-0.00275242351926863,0.00329720671288669,0.0037764552980661397,-0.00310008227825165,-0.0295166671276092,0.00353768165223301,-0.00817716401070356,-0.00803782884031534,-0.00147170398849994,-0.0087841609492898,-0.01480383425951
2015-04-22,0.00848712678998709,0.0176891684532165,0.000586890324484557,8.552489452995359e-05,0.00408535450696945,0.0106097040697932,0.0024676744360476698,-0.0012023306917399198,0.0113203600049019,0.007184955757111309,0.007452143356204029,0.010894026607275
2015-04-23,0.00802426505833864,0.0023421449586749103,-0.00656888633966446,0.0025650055613368698,-0.0304244514554739,-0.00909856520593166,0.0053335111588239704,0.0010317722335457802,-0.00094263965729624,0.00347544252872467,0.0195921529084444,-0.00222963467240334
2015-04-24,-0.00495099648833275,-0.00639523612335324,-0.0164127927273512,-0.009380850009620191,-0.00419640587642789,0.0103121306747198,-0.008977982215583321,-0.00962029863148928,-0.0022408589720726,-0.00291651184670627,0.00235292012803257,-0.001862240023911
2015-04-27,0.000390252826036885,-0.00705532496795058,-0.0025210888125002397,-0.00361575232818723,-0.00635266210883856,0.0460011325776577,-0.00347086042165756,0.0140502611175179,0.00862888153642416,0.004936023149639371,0.0068466803058981895,0.0029850718565285197
2015-04-28,0.00380338774994016,0.0115931229665875,0.0020460442174226,0.0029376531019806897,0.0022155090700835,0.000133700523292646,0.0107438452541828,0.0034211557358503303,0.0101956529542804,0.008004341274499891,0.0068000480532646205,0.00892863422632217
2015-04-29,-0.0115612791851163,0.0168822556734085,-0.00552485091611743,-0.00603036303073168,-0.00858965795487165,-0.00855385418981314,-0.0025698074605315898,0.007330383639782671,0.0150812426581979,0.0009023504098877311,-0.00405247183516622,-0.00110621994826943
2015-04-30,-0.008059757761657241,-0.0111487908288836,-0.0111111802980304,-0.0141272079199553,-0.0036949852947145705,-0.013211153447628,-0.00995430909097195,-0.004400039091706279,-0.00708574568852782,-0.00649117585271597,-0.0118194269016385,-0.000369148358004168
2015-05-01,0.0156559832394123,0.0215686541050672,0.007816309109330179,0.0148571645841002,0.00824856664985418,0.0114754643291235,0.0176247674971819,0.00849906448274851,0.00564002664759755,0.0016333966050297,0.013529384508728997,0.00849333591759205
2015-05-04,0.000780505652073771,0.00995683576911688,0.0020601770374923897,0.008749086409807209,0.0084982980042696,-0.000135090973344631,0.00546322483569384,0.0026967781595885697,-0.000801186833996326,0.00978439766913652,-0.000773788022343069,-0.00146462861448526
2015-05-05,-0.0101384371519089,-0.00938354805111885,-0.0035070856101810897,-0.011850556358695,-0.00698025757446885,-0.0167499370872974,-0.010289010591805,-0.0183224100619554,-0.00343646085821092,-0.00017940645921044,-0.00580838415771723,-0.0128346309065819
2015-05-06,-0.005416614469140771,0.00359706743620336,-0.000728218292351812,8.69221912580542e-05,-0.00170986168086529,-0.000961666344664991,-0.00233614002354443,-0.00308219692669809,-0.000114967086119577,-0.00762747740373015,-0.009152822196483609,-0.0040862038731575
2015-05-07,0.000198081717826426,0.0175627395510673,0.0103231249377131,0.00834201462566853,0.00615326827391982,0.008388346992433071,0.0103617198765278,-0.00206119450740516,-0.00643749348819256,-0.00200285506434739,-0.0047170137986540794,0.0085789430886507
2015-05-08,0.0109890168532729,0.0048139449208974795,0.0100973229855299,0.0205963402986526,0.01254653185606,0.0265920758247375,0.0122255096212029,0.0118761183694005,0.0101816179230809,0.0226235687732696,0.0238941367715597,0.0118343075737357
2015-05-11,0.005581665318459271,0.0139050567522645,-0.00559325516223907,-0.00616400688886643,-0.00435873074457049,0.00159408536273986,-0.00160274060908705,0.00867491587996483,0.0167220141738653,-0.00963427126407623,0.0009643790544942019,-0.0160818900913
2015-05-12,-0.0037005052436143203,-0.0062232720665633704,0.029200604185462,-0.00288866902701557,0.00106324849184602,-0.00729446997866035,-0.00515992380678654,0.0148398159071803,-0.00687161227688193,-0.000720538664609194,-0.0183044448494911,0.0040862038731575
2015-05-13,0.0208191275596619,-0.0017395514296367801,0.015697656199336,0.005538532044738529,0.0077465493232011795,-0.0672010257840157,-0.0051867747679352795,0.0104685919359326,0.00317602953873575,0.00234355963766575,-0.00431798258796334,0.00665920786559582
2015-05-14,0.0191497504711151,0.00255577615462244,0.0056095919571816895,0.0150804854929447,0.0114065855741501,0.00490402895957232,0.0194647237658501,0.00314880046062172,0.00339207844808698,0.00791371334344149,0.0100532649084926,0.007350267376750709
2015-05-15,0.00385189801454544,-0.0097335334867239,-0.015824219211936,-0.00545577937737107,0.0009194554877467449,0.00832498725503683,-0.00250029796734452,-0.00561705185100436,-0.0034933239221572898,-0.009279094636440279,0.00526925502344966,-0.0051076025702059295
2015-05-18,-0.000748730322811753,0.011350354179739999,0.00936963781714439,0.000168826678418554,-0.00263323890976608,-0.00370109803043306,-0.0033040139824152,0.00016617604705970702,-0.0015831661876291,0.00414264295250177,-0.0099009582772851,0.00146677694283426
2015-05-19,-0.00414441432803869,-0.00173552613705397,-0.00882425252348185,0.00472531886771321,0.0015349666355177801,0.0180026032030582,0.00480107637122273,-0.0049833757802844,-0.0118926614522934,0.0116592198610306,-0.00529412645846605,0.00146469846367836
2015-05-20,0.0039694341830909296,-0.00741770258173347,0.0061278622597456,-0.00167965854052454,-0.001195446588099,-0.00828065071254969,-0.00534699903801084,0.0038397251628339295,0.00790924392640591,-0.00567375309765339,0.00611080974340439,0.010603254660964
2015-05-21,0.00122373388148844,0.00665574334561825,-0.0013789372751489301,0.00210313778370619,0.000988287036307156,0.0045287245884537706,-0.00183007738087326,0.0264427103102207,0.0159217733889818,-0.00124827935360372,0.00666144490242004,0.0028943533543497302
2015-05-22,-0.00413691671565175,-0.0059557924978435,-0.00333717954345048,-0.004197448026388879,-0.00666420999914408,-0.00267684459686279,-0.005156376399099829,0.000972092617303133,-0.0078361639752984,-0.000178509581019171,-0.0017516572261229199,-0.0014429657021537401
2015-05-26,-0.0101963924244046,-0.0135103557258844,-0.00496478797867894,-0.0147529924288392,-0.00863460917025805,-0.0005650644889101389,-0.0161253344267607,-0.015377095900476001,-0.00891347136348486,-0.00607143109664321,-0.0130630135536194,-0.0057803411036729795
2015-05-27,0.00515071488916874,0.0146480379626155,0.0143884643912315,0.006588488351553679,0.00896051153540611,0.000424011028371751,0.00573642598465085,0.00197269325144589,0.0009107677033171061,0.007366148754954341,0.0114579582586884,0.0
2015-05-28,0.0029417839832603897,-0.0015257893828675199,-0.0011438855435699198,0.000425051432102919,-0.0009316181531175971,0.009324720129370691,0.000698376854415983,0.00114847731310874,-0.0217242501676083,0.0024968681391328604,0.0072265416383743295,0.003997046034783121
2015-05-29,-0.0140978852286935,-0.005407300777733329,-0.0114521300420165,-0.004418423399329179,-0.0111269559711218,-0.006019040942192079,-0.00535069312900305,-0.0116355139762163,-0.008022351190447809,-0.00444760732352734,0.00969555974006653,-0.0130292698740959
2015-06-01,-0.00134356424678117,-0.00342750153504312,0.0067192055284977,-0.00145086774136871,-0.0006286528659984469,0.00887195114046335,-0.00245584244839847,-0.0011606648331508,0.00246131140738726,0.00142962532117963,0.0036489078775048295,0.000366711727110669
2015-06-02,0.00480492040514946,0.0142314629629254,-0.00126582977827638,0.00290595158003271,0.0006290483288466929,-0.00516475085169077,0.00175842782482505,0.000995975336991251,0.00748274754732847,0.00249820458702743,0.007462748326361179,0.0018328165169805301
2015-06-03,0.00401688786223531,0.0171889774501324,0.00518489396199584,0.0099710738286376,0.00678904820233584,0.0,0.000175534121808596,0.0006633651209995151,0.000696358212735504,0.0129939401522279,0.00683754589408636,0.007317993324249979
2015-06-04,-0.0120023060590029,-0.00448326719924807,-0.0165061298757791,-0.0115602286532521,-0.011301183141768,-0.0221691355109215,-0.0162054002285004,-0.0235333442687988,-0.00881366245448589,-0.0135301435366273,0.0007545918924734,-0.00980749912559986
2015-06-05,0.00019279446860309698,0.0189376380294561,0.00104890833608806,-0.00119514588732272,-0.00802023522555828,-0.00889658089727163,0.00214082188904285,0.00492194388061762,0.00678602792322636,0.00837194919586182,-0.0184731297194958,0.00110053876414895
2015-06-08,-0.00462691113352776,-0.00747955637052655,-0.0114098936319351,-0.007008544169366361,-0.00311946449801326,0.0049225999973714395,-0.009019725956022741,-0.0015200161142274698,0.0011620973236858801,-0.00865574367344379,-0.012867258861661002,-0.00183221488259733
2015-06-09,0.0029052433092147103,0.0044530644081533,0.0034153016749769397,0.0010329036740586198,0.00249057658948004,-0.0028814950492233,-0.00407181261107326,0.0010149081936106099,0.0067324647679925,0.0103350291028619,0.00233460939489305,0.00330397044308484
2015-06-10,0.0116840396076441,0.0293282009661198,0.00962440948933363,0.0103181162849069,0.0131226759403944,0.00693546235561371,0.018097635358572,0.00996958650648594,0.020177561789751,0.008994678966701029,0.00912269484251738,0.0109769208356738
2015-06-11,0.00124085985589773,-0.0068470761179924,-0.0010462257778272,0.00697872089222074,0.00515598198398948,0.0010044438531622301,0.00528660137206316,0.00619037868455052,-0.00350367510691285,0.000873959739692509,0.00326982419937849,-0.0043430668301880394
2015-06-12,-0.00810294039547443,-0.0076726614497602,-0.0102408621460199,-0.00608520302921534,-0.0113850077614188,-0.00917430315166712,-0.009099554270505909,-0.0084801847115159,-0.0036293489392846797,-0.0029688817448914103,-0.00613496359437704,-0.00436208071187139
2015-06-15,-0.00586257176473737,-0.00739574246108532,-0.00693714199587703,-0.0254251528531313,-0.0137306898832321,-0.00101272703614086,-0.0110912378877401,-0.0155961811542511,-0.00819580256938934,-0.0019267929019406399,0.00038581129047088303,-0.00657175295054913
2015-06-16,0.00638047186657786,0.0129826311022043,0.0020127655006945103,0.00287934578955173,0.00397774018347263,0.00434461142867804,0.00428127544000745,-0.00153322238475084,-0.00619764626026154,0.0042120339348912204,0.0140763502568006,0.000367520377039909
2015-06-17,0.000960600154940039,-0.00657532550394535,0.00118168629705906,0.0011310009285807599,0.0029394302982837,0.00201873667538166,0.0,-0.00443613948300481,0.00762216979637742,-0.0008738736505620179,0.0144513845443726,0.00183692667633295
2015-06-18,0.0127639332786202,0.00695538194850087,0.0143986018374562,0.00721301650628448,0.0170117765665054,0.009497822262346741,0.0156709738075733,0.00685521075502038,0.00217767851427197,0.00927064195275307,0.00449862563982606,0.0121012236922979
2015-06-19,-0.00180045899469405,-0.00523619865998626,-0.00127982103731483,-0.00871442724019289,-0.0041974578052759205,-0.0044191759079694705,-0.0020099098328501,-0.0108936065807939,0.000914846721570939,-0.0112651912495494,-0.00578468712046742,-0.00474976468831301
2015-06-22,0.000284852954791859,0.0189271178096533,0.004776370711624621,0.00339454598724842,0.00459261238574982,0.0021477881819009803,0.00698964949697256,0.00258127180859446,0.008569470606744291,0.0150745073333383,0.00300300028175116,0.00660794088616967
2015-06-23,-0.00578912952914834,0.00538577558472753,-0.00614491337910295,-0.000433686887845397,0.00100202695466578,-0.0212887264788151,-0.00270592188462615,-0.00652243848890066,0.00203920155763626,-0.00034537140163593,0.0024326548445969803,0.00474103447049856
2015-06-24,-0.00630014948546886,-0.008418107405304909,-0.0019249072065576898,-0.0109346704557538,-0.0143894087523222,-0.0335766859352589,-0.0134481471031904,-0.0067380680702626705,-0.00316561665385961,-0.0060459231026470705,-0.00877359043806791,-0.0105262799188495
2015-06-25,-0.00710852909833193,-0.010694527067243999,0.00011709361569956,-0.00587872369214892,-0.0102830724790692,-0.000755217915866524,-0.0033480662386864398,-0.0151331136003137,-0.0164454691112042,-0.00643035676330328,0.0022599387448281,-0.00807040743529797
2015-06-26,0.00174148904625326,0.0110330749303102,0.00386283313855529,0.0019416909199208,0.00750383641570807,-0.008314482867717741,-0.000479915004689246,-0.0007064129458740349,0.0011531189084053,0.00472276471555233,-0.00244274828583002,0.0018490841612219802
2015-06-29,-0.0163222178816795,-0.037808645516634,-0.011777076870203003,-0.017529932782054,-0.0199885386973619,-0.0298780351877212,-0.028807993978262,-0.0180275794118643,-0.0175074487924576,-0.024025022983551,-0.0356938913464546,-0.0166113246232271
2015-06-30,0.0011782302753999801,0.00263484613969922,0.009911460801959041,-0.0053797047585248895,0.0022735050879418802,0.004871171899139879,-0.00840440299361944,-0.00233983201906085,-0.00562723726034164,0.00321085099130869,0.00748173333704472,-0.0026276162825524803
2015-07-01,0.008531873114407059,0.0166819784790278,0.00876270607113838,-0.00099162186961621,0.008749130181968209,0.0122282980009913,0.0082262996584177,0.00036082370206713704,-0.0102570476010442,0.0119131961837411,0.00429941806942225,0.0033872846979647897
2015-07-02,-0.00320881186053157,-0.00910322740674019,0.00532785197719932,-0.0113698085770011,-0.0017345906235277698,-0.0234412923455238,-0.0007417178712785241,0.007394046057015659,0.00512210046872497,-0.00298714055679739,-0.000194557724171318,0.00450115697458386
2015-07-06,-0.0012682165252044801,-0.0074854944832623,-0.0107142888009548,-0.00182545592542738,-0.00193076999858022,0.000166666461154819,0.0,-0.0107411798089743,-0.0145768634974956,-0.005287328734993929,-0.0157649163156748,-0.0175504554063082
2015-07-07,0.0044930563308298605,-0.0058279298245906795,0.0139745771884918,0.006675161886960271,0.00225684070028365,-0.015000025741755999,0.0029691681265831,-0.00380020076408982,0.0101021807640791,-0.0033663825597614,0.00533914286643267,0.00608133198693395
2015-07-08,-0.0181835386902094,-0.0245976932346821,-0.0152750872075558,-0.0128985214978456,-0.0174997504800558,-0.0159052219241857,-0.0128284310922027,-0.0194368697702885,-0.020478643476963,-0.0177777782082558,-0.0259638018906116,-0.0219115950167179
2015-07-09,0.00207981653511524,0.0101343458518386,0.0,0.00230054301209748,0.00681024976074696,-0.00447039771825075,0.00824695359915495,-0.00407560635358095,-0.007049887441098691,0.00452488707378507,0.0149434143677354,0.0050212852656841295
2015-07-10,0.0121565861627459,0.019132049754262002,0.0106135252863169,0.0115681430324912,0.007804858032613991,0.00604487862437963,0.010286208242178001,0.00130214868113399,0.00563103286549449,0.0104504832997918,0.0228810496628284,0.009607993997633459
2015-07-13,0.0132798841223121,0.0143086081370711,0.0155799016356468,0.0127064939588308,0.0098096439614892,0.021630872040987,0.00257613742724061,0.00873114261776209,0.0181375276297331,0.0117688989266753,0.0103092547506094,0.007613203488290309
2015-07-14,0.0029874260071665,0.00157995021436364,0.0109090805053711,-0.000627349829301238,0.00198119482956827,-0.0013442785711959,0.00195761676877737,-0.00184159260243177,0.00980391819030046,0.00898833852261305,0.0211783275008202,0.00717795779928565
2015-07-15,-0.00230597122572362,-0.000788728939369321,-0.007081803865730759,-0.0023316484875977,-0.00497511681169271,-0.00723540829494596,0.00744902435690165,-0.0132841551676393,-0.0035519232042133795,0.00925762020051479,-0.0177225191146135,0.00412605423480272
2015-07-16,-0.00260012177750468,0.00958500802516937,0.00418878206983209,8.99068400030956e-05,0.00749998819082975,0.0130508551374078,0.0048485035076737395,-0.0020568550098687397,0.004396369215100999,0.00674973009154201,0.00249522202648222,0.0100859338417649
2015-07-17,0.019020963460207003,-0.00860043149441481,0.000225527313887142,-0.00467377528548241,-0.00305399089120328,-0.00167311844415963,-0.00615201611071825,-0.0146149294450879,-0.007163305301219221,-0.00395392021164298,-0.0202948767691851,0.007396406959742309
2015-07-20,0.0078643336892128,-0.00123930384870619,-0.00157799129374325,-0.00234779226593673,0.00274422531947494,-0.00167585851158947,-0.0026702417526394103,0.0028522822540253396,-0.0109428046271205,0.0018985263304784898,-0.0127027109265328,-0.0036710859276354296
2015-07-21,-0.0091191241517663,0.0006767914164811371,-0.00891850236803293,-0.0703295096755028,-0.00865580886602402,-0.00486823776736856,-0.00924905110150576,-0.0113766072317958,-0.000364726787665859,-0.0017226266209036099,-0.008313578553497791,-0.0106852985918522
2015-07-22,-0.00626189401373267,0.000450917781563476,0.000797353859525174,-0.0112938955426216,-0.00224698800593615,-0.0064102103933692,0.00343936565332115,-0.0072880913503468,-0.0299197155982256,0.00983605999499559,-0.0019959774799645,-0.008193713612854479
2015-07-23,-0.00400991179049015,-0.00428165914490819,0.0135443024337292,-0.00403745612129569,-0.0380284637212753,-0.0071307634934783,-0.009181049652397629,-0.00463674403727055,-0.036108385771513,-0.00529735768213868,-0.0448000319302082,-0.0138940643519163
2015-07-24,-0.0148581583052874,-0.00588439824059606,-0.0142616983503103,-0.0180937498807907,-0.0011371114524081302,-0.0263338051736355,-0.0143316481262445,-0.0163043513894081,-0.010145666077733,-0.00738705229014158,-0.0374790020287037,-0.0194211807101965
2015-07-27,-0.0109954001381993,-0.009334089234471321,-0.0063795577734708795,-0.004430518951267,-0.00415184581652284,-0.0036880767438560703,-0.000752037623897195,-0.0043409871868789205,-0.0102496556937694,-0.0032883114181459,-0.00739613082259893,0.0077670197933912295
2015-07-28,0.0251869112253189,0.0111455963924527,0.013529010117054,0.00101141363848001,0.0161387510597706,-0.0146306715905666,0.0107877645641565,0.0265556909143925,0.0326606370508671,-0.0032991599291563,0.0223537236452103,0.0057803317904472394
2015-07-29,0.0128599228337407,0.0177272446453571,0.0283936895430088,0.003940581809729339,0.0022499922197312104,-0.0078712422400713,0.0218415800482035,0.007915055379271509,-0.0057855099439621,0.00975605472922325,0.0167202297598124,0.006130262278020379
2015-07-30,-0.00151604751590639,0.00122823368292302,0.010449861176312,0.013788272626698002,0.000792409235145897,0.0023440511431545,-0.0268399212509394,-0.00440527778118849,0.0131901800632477,0.00327816512435675,-0.0002108820626745,-0.0053312792442739
2015-07-31,-0.00313146901316941,-0.0146090956404805,-0.0032658725976944,-0.00416961964219809,-0.00151752308011055,0.00305807101540268,-0.00449270708486438,-0.0044247698970139,0.0035736921709030897,-0.00481517752632499,-0.0075916661880910405,-0.0007657142705284059
2015-08-03,-0.00333180488087237,0.00882751028984785,-0.00251196743920445,-0.00887248944491148,-0.00806132704019547,-0.00842893496155739,0.00426230393350124,-0.008115906268358229,-0.0174233131110668,0.0006912202807143331,-0.0127497296780348,-0.00881224311888218
2015-08-04,-0.000764032534789294,0.00785278156399727,0.00470820441842079,-0.003922746051102879,0.0018651664722710898,-0.0117562217637897,0.00711521273478866,-0.032924260944128,-0.00854263082146645,-0.00155413837637752,0.00495048519223929,0.00115959718823433
2015-08-05,0.010609831660986,0.000222665548790246,0.00544899748638272,-0.00161563197616488,0.00405585533007979,-0.00128110719379038,0.0143777392804623,0.00543917110189795,0.00365533656440675,0.00354551756754518,0.00942391250282526,0.007722037378698591
2015-08-06,0.000567460083402693,0.0089027713984251,-0.0074788904748857,0.00111257820390165,-0.0115886367857456,-0.0018324807751923802,-0.0188171230256557,-0.00340609438717365,0.007544248830527071,-0.0020815739408135397,-0.0112455459311604,-0.00268198060803115
2015-08-07,-0.00311940466053784,-0.0137877780944109,-0.00556953297927976,-0.00697112968191504,-0.0024788633454591,-0.019093094393611,-0.00012455960677471,-0.0110575603321195,-0.00219465745612979,-0.0010428917594254,-0.0236051175743341,-0.00922012142837048
2015-08-10,0.0174474120140076,0.0253886207938194,0.009773769415915009,0.0128192296251655,0.0157835055142641,0.0179674159735441,0.0163158252835274,0.0168733857572079,0.0371329113841057,0.00817813444882631,0.025054931640625,0.017448578029871004
2015-08-11,-0.0179869551211596,-0.024323770776391,-0.00967916753143072,-0.0094425156712532,-0.0182492043823004,-0.0183857325464487,-0.00330878235399723,-0.0217912867665291,-0.0264471396803856,-0.0125992326065898,-0.0289450790733099,-0.0201981961727142
2015-08-12,0.00161334499716759,-0.010843975469469998,-0.00845592655241489,0.007301508914679291,0.000269454118097201,0.005057115107774729,0.00270504388026893,0.0126711940392852,0.011276233009994,-0.0085648987442255,0.00905276741832495,0.005834365263581279
2015-08-13,-0.000189542086445727,0.00892849545925856,0.00155055255163461,-0.00314120156690478,-0.007541141472756859,-0.0046921921893954294,0.01103609893471,0.00672367587685585,-0.0146983787417412,0.00299714668653905,-0.0159737318754196,-0.0027068713679909697
2015-08-14,0.00530710024759173,0.00929765682667494,0.0054185320623219,0.00325269065797329,0.005970182828605179,0.0156515520066023,0.006549435202032329,0.0038453475572168797,0.00938780512660742,0.00773426704108715,-0.0015565864741802198,0.011244629509747
2015-08-17,0.00188534078188241,-0.008768046274781229,0.00802907347679138,0.0066869673319160895,0.0064742830581963106,0.00761232525110245,0.020604882389306998,0.014919389039278001,0.000637062708847225,0.000348798930644989,0.0126948701217771,0.00498463027179241
2015-08-18,0.00421057874336839,-0.00201545516029,-0.00152754376176745,0.0005032513290643691,-0.00623162603005767,-0.00681774318218231,-0.000117998904897831,-0.00456892233341932,0.00356504670344293,0.00331303314305842,-0.0158346425741911,-0.00534144975244999
2015-08-19,-0.0110158948227763,-0.0160439852625132,-0.00961648859083652,-0.0120712658390403,-0.00954084377735853,-0.0139146568253636,-0.00259772362187505,-0.007583337835967541,-0.0178888104856014,-0.00834201462566853,-0.013854724355042,-0.0130418166518211
2015-08-20,-0.0228484533727169,-0.0320410206913948,-0.0206332914531231,-0.0243356022983789,-0.0172755811363459,-0.0139228906482458,-0.0208358243107796,-0.0132716642692685,-0.0129182273522019,-0.0164739303290844,-0.0104238130152225,-0.0209871362894773
2015-08-21,-0.036632914096117006,-0.0417010560631752,-0.0203921273350716,-0.029325794428587,-0.00878974329680204,-0.00782293174415827,-0.0420746691524983,-0.0226207580417395,-0.0184531286358833,-0.0383107215166092,-0.0240439493209124,-0.0238189902156591
2015-08-24,-0.0364077538251877,-0.0601707696914673,-0.0333524309098721,-0.0230082720518112,-0.0247026160359383,-0.0388461612164974,-0.0372334271669388,-0.0333611033856869,-0.0290666706860065,-0.0503983907401562,-0.0532613918185234,-0.0292801670730114
2015-08-25,-0.014168749563396003,-0.0222632382065058,-0.00975609384477139,-0.0227797906845808,-0.00678310310468078,-0.0184073261916637,-0.0361825153231621,-0.0258843991905451,-0.0104367230087519,-0.0239999908953905,-0.0237917993217707,-0.0251361690461636
2015-08-26,0.0415202975273132,0.0436539724469185,0.0413311868906021,0.0310810189694166,0.0369078889489174,0.0326130948960781,0.0582155399024486,0.0276793632656336,0.0251180306077004,0.0455817431211472,0.0421426743268967,0.0318005904555321
2015-08-27,0.0210569109767675,0.0472502410411835,0.0206530634313822,0.0186762679368257,0.00826788600534201,0.0268456488847733,0.0029562432318925897,0.026502899825573,0.0242317691445351,0.0330783873796463,0.0621193498373032,0.0416493117809296
2015-08-28,0.00130140408873558,0.0009861218277364971,-0.00452183512970805,-0.00032163376454263904,0.00215436285361648,-0.0034602135419845603,0.00486998446285725,0.0086062103509903,0.0038328478112816798,-0.0090689966455102,0.00917434692382812,0.00599758559837937
2015-08-31,-0.007498500403016809,-0.00615763571113348,-0.0118101397529244,-0.0174817387014627,-0.0143541172146797,-0.0065586450509727,-0.0139013379812241,-0.00686780503019691,0.00645168544724584,-0.00392228411510587,-0.00545458355918527,-0.0135135194286704
2015-09-01,-0.0333433821797371,-0.0443617627024651,-0.0256262440234423,-0.0206309277564287,-0.0256085507571697,-0.0287378560751677,-0.0287118628621101,-0.0303855985403061,-0.020146531984209997,-0.0438777431845665,-0.0479889996349812,-0.0378727056086063
2015-09-02,0.0213631000369787,0.0235995799303055,0.0175728015601635,0.0169415585696697,0.0197834335267544,0.0125949829816818,0.0264979749917984,0.0112383933737874,0.0160213205963373,0.0196116883307695,0.0175227932631969,0.0288944952189922
2015-09-03,0.00571367749944329,0.00088674551807344,0.00695408554747701,0.00734333414584398,0.0035400735214352603,-0.00177690328564495,0.00596713880077004,-0.00769396452233195,-0.0216820184141398,0.008463139645755291,0.0103798639029265,-0.0024419806431978898
2015-09-04,-0.020087281242013002,-0.0241742003709078,-0.0148480776697397,-0.0133826928213239,-0.0134048899635673,-0.0387658774852753,-0.0180528871715069,-0.0131380707025528,-0.0181329548358917,-0.0217432659119368,-0.0175110902637243,-0.0208078417927027
2015-09-08,0.0333367995917797,0.0361867845058441,0.0226662289351225,0.0235994644463062,0.0256721712648869,0.0207819379866123,0.0269204899668694,0.0224792398512363,0.0164159312844276,0.0319750308990479,0.0477661192417145,0.0399999618530273
2015-09-09,-0.009518054313957691,-0.0175241157412529,-0.0127955572679639,-0.0104503473266959,-0.0179180931299925,-0.0155210737138987,-0.00255747837945819,-0.00704371463507414,-0.0180350467562676,-0.0139807611703873,-0.006804246455430979,-0.0164262764155865
2015-09-10,0.006979591678828,0.0058606076054275,-0.00416619144380093,-0.00489925919100642,-0.000567952811252326,-0.00450452929362655,0.00528958858922124,-0.00322445225901902,-0.00740132853388786,0.007089533377438779,-0.0006851471262052661,0.0052953595295548396
2015-09-11,0.0007031611748971049,0.000506661366671324,0.009180630557239059,0.0101750576868653,0.0034095449373126,-0.0037021865136921397,0.00500512588769197,-0.0071166274137795,0.00289973895996809,0.0011415060143917801,0.000457048881798983,0.0109400507062674
2015-09-14,-0.00401527341455221,-0.00607666466385126,-0.000806076684966683,-0.00541535764932632,-0.00318559375591576,-0.009496265091001991,-0.00702331028878689,-0.0112945362925529,0.00192756985779852,0.00285065616481006,-0.0159889664500952,-0.00721444096416235
2015-09-15,0.0110864592716098,0.0248375609517098,0.0187853518873453,0.00925621762871742,0.0198139939457178,0.00666943937540054,0.0145318573340774,0.0175746753811836,0.0248729605227709,0.0132651273161173,0.0123026641085744,0.0213968008756638
2015-09-16,0.0063795791938900896,0.0052199624478817,0.009841573424637321,0.0135951889678836,0.00417820923030376,0.00227744528092444,0.008873076178133491,0.0159758571535349,0.0142128923907876,0.00467551872134209,0.0314147882163525,0.0249012280255556
2015-09-17,-0.00425911555066705,-0.0332590863108635,-0.0127702411264181,-0.00670646037906408,-0.008668515831232071,-0.00681673223152757,-0.0020102530252188396,-0.0044624498113989795,-0.0208884440362453,-0.0281087514013052,-0.0168963614851236,-0.0134978760033846
2015-09-18,-0.0247687045484781,-0.0301828943192959,-0.0217859782278538,-0.0240059792995453,-0.0232948716729879,-0.0114393308758736,-0.00528765143826604,-0.0371397621929645,-0.0297056045383215,-0.0224094651639462,-0.0205789189785719,-0.0216962974518537
2015-09-21,-0.0030600065365433697,0.0174073539674282,0.00243590166792274,0.00527070788666606,0.00300815212540329,0.0149379950016737,0.0112643884494901,0.00022164313122630098,0.00417482666671276,0.00999213010072708,0.0163934212177992,0.0116935856640339
2015-09-22,-0.0173930525779724,-0.0169799756258726,-0.009835668839514259,-0.0365920923650265,-0.0144243724644184,0.0068407547660172,-0.008886096067726609,-0.0104166092351079,-0.00665193097665906,-0.0166828446090221,-0.00954116228967905,0.000797148561105132
2015-09-23,-0.0150979235768318,0.00514249783009291,0.00116861599963158,-0.0140589335933328,-0.00260832207277417,-0.0135886315256357,0.0022730180062353602,-0.0219485629349947,-0.0206473674625158,0.0017755011795088699,-0.0233944188803434,0.0011946945451199998
2015-09-24,-0.0102547165006399,-0.0026236989069730004,-0.00758727127686143,-0.00160992855671793,-0.000581155240070075,0.002504674019292,0.00264582433737814,-0.00022895172878634198,-0.0626779794692993,-0.00452933320775628,-0.00211367197334766,-0.00914874859154224
2015-09-25,-0.00106821302324534,0.0160463135689497,0.00317577365785837,0.00552871869876981,0.0143915954977274,0.0108265765011311,0.00904751475900412,0.00274848681874573,-0.0124620012938976,0.0183976329863071,-0.00400098785758018,0.00040145439561456404
2015-09-28,-0.0206373017281294,-0.0350808948278427,-0.0338843874633312,-0.0053837480954825895,-0.00845509208738804,-0.0253346972167492,-0.0209215469658375,-0.0169026460498571,-0.0183133631944656,-0.0215617828071117,-0.0444234237074852,-0.024478355422616
2015-09-29,0.0101539511233568,0.00603698613122106,0.00983006693422794,0.0132442880421877,0.0229079201817513,0.00380389485508204,0.00597804086282849,0.00975832156836987,0.00815169513225555,0.0103236148133874,0.0134932762011886,0.0106951966881752
2015-09-30,0.0234544519335032,0.0162688530981541,0.0256579741835594,0.0114798191934824,0.00155422976240516,0.0147368581965566,0.0160577110946178,0.0163368415087462,0.0163272134959698,0.00903908628970385,0.0453648939728737,0.0264550112187862
2015-10-01,0.000211180085898377,0.00118099944666028,0.0014083177084103198,-0.007079416420310741,-0.00684207631275058,0.00311198574490845,0.00659530563279986,-0.0314693115651608,-0.0148408999666572,0.0017526807496324199,0.0136791979894042,-0.00118948379531503
2015-10-02,0.0193221606314182,-0.0117955636233091,0.0155865671113133,0.0159574020653963,0.0170454103499651,0.0188210941851139,0.00581037485972047,0.0329593233764172,0.0203447360545397,-0.00349922850728035,0.0342019833624363,0.0111154736950994
2015-10-05,0.019059419631958,0.0249336492270231,0.0158088505268097,0.0277376137673855,0.0217877831310034,0.0410069115459919,0.0164699647575617,0.0414121262729168,0.0529680885374546,0.0224346779286861,0.0418447814881802,0.0530035495758057
2015-10-06,-0.00172797497361898,-0.00737577257677913,-0.0090877590700984,0.00314330053515732,-0.0036222937051206797,0.0766380727291107,-0.00314382719807327,0.0039113494567573105,0.0237062647938728,-0.00725054508075118,0.0166270881891251,0.0175242815166712
2015-10-07,0.0130332838743925,0.0139486342668533,0.0138713633641601,0.0103727616369724,0.0120035670697689,0.00307918828912079,0.0146773299202323,0.00324670365080237,-0.0062129688449204,0.00307514611631632,0.00870857760310173,0.0175888426601887
2015-10-08,0.015881011262536004,0.00642838794738054,0.00508816074579954,0.00876911170780659,0.0131489932537079,0.0135427946224809,0.0175732355564833,0.0252427626401186,0.0207445174455643,0.006706309504806999,0.00631710328161716,0.009362629614770409
2015-10-09,0.000890511204488575,-0.00255489209666848,-0.00427491590380669,0.0110251344740391,0.00280972826294601,0.0008907756418921051,0.00140971702057868,-0.00778617290779948,-0.00751661090180278,-0.00761327613145113,-0.0148566449061036,0.0014270070241764199
2015-10-12,0.00336097599938512,-0.0017930249450728302,0.0109592275694013,0.0006291030440479519,0.00106740277260542,-0.00925597082823515,0.0051619247533381,-0.00424179760739207,-0.0112202391028404,0.0007671829080209139,-0.0101954825222492,0.000712520792149007
2015-10-13,-0.0165517274290323,-0.0101360138505697,-0.0032409578561782802,-0.0120507339015603,-0.00633078068494797,0.00179659493733197,-0.006069055292755371,-0.00979763735085726,-0.0046808770857751395,-0.00613261200487614,-0.00193133379798382,-0.00783194415271282
2015-10-14,-0.0156281068921089,-0.008425164967775341,-0.0106514692306519,-0.0223801508545876,-0.00529805710539222,0.0114778196439147,-0.000234902196098119,-0.0047322264872491394,0.0076956097036600096,-0.00694177811965346,0.0129005014896393,-0.009687852114439009
2015-10-15,0.0024424777366221,0.0247058738023043,0.00929283443838358,0.0109580354765058,0.00586566235870123,0.0053191352635622,0.0097486712038517,0.0118867354467511,0.00169711140915752,0.0231067687273026,0.009976675733923909,0.0155797209590673
2015-10-16,-0.0149238705635071,0.0112258866429329,-0.00134735147003084,-0.0019317482365295302,-0.0032844392117112897,0.0100529044866562,0.00837502907961607,-0.0331054925918579,-0.0162360798567533,0.00360604375600815,0.0008406284032389519,0.0338922180235386
2015-10-19,0.0015459293499589,-0.000756876019295305,0.0023611320648342397,-0.0102150207385421,-0.00470744445919991,-0.0038414739537984102,0.00703657371923327,0.00463881343603134,-0.00588409369811416,-0.006051431410014629,-0.00482989381998777,0.000345073465723544
2015-10-20,0.0113191856071353,0.00706978375092149,0.00314076012000442,0.0387832671403885,0.007500004023313521,0.00245397700928152,0.0013745144242420801,0.0140721062198281,0.0144362645223737,0.00989346392452717,0.006330433301627639,-0.00724384561181068
2015-10-21,0.0049857334233820395,-0.005139727145433429,-0.00346637098118663,0.0245764311403036,0.0047616302035749,0.0015737044159323,0.000343156949384138,0.00368607952259481,-0.008538473397493359,0.000753524829633534,-0.004403419792652129,0.00243223388679326
2015-10-22,0.0385745204985142,0.0257056560367346,0.0545332171022892,0.0185771118849516,0.0412494502961636,0.0333449691534042,0.0256147012114525,0.0321883298456669,0.0284196808934212,0.0176958292722702,0.051390029489994,0.0253032762557268
2015-10-23,0.00536162406206131,0.0132678356021643,-0.0123430900275707,0.00831748452037573,-0.0013461968628689699,0.0182463563978672,0.00936555117368698,0.00837173592299223,0.0122743053361774,0.0127635700628161,0.00801285170018673,-0.00236645340919495
2015-10-26,-0.0033937601838260898,-0.00484967883676291,-0.0047403839416801895,-0.0038759629242122204,0.00481417309492826,0.00165917491540313,-0.00463932612910867,-0.0035284762270748602,-0.0032056216150522197,-0.008401810191571709,0.00258348695933819,0.00135543907526881
2015-10-27,-0.00321075925603509,-0.0191276762634516,-0.0077938255853951,-0.0134690813720226,0.00121376290917397,0.0278283972293139,0.0024414740037173,-0.0233284514397383,-0.0157997384667397,-0.00313136819750071,0.0047571430914104,-0.00304569047875702
2015-10-28,0.0110298190265894,0.0428517796099186,0.0102552343159914,0.00444986298680305,0.00861357804387808,0.0212731622159481,-0.0267906356602907,0.0110897943377495,0.02244639582932,0.0245750527828932,0.0134148811921477,-0.00237609283067286
2015-10-29,-0.00617879303172231,-0.00655068410560489,0.0047516464255750205,-0.0027184518985450302,-0.0029731858521699897,-0.00047339088632725195,0.00511883664876223,-0.00485128769651055,0.0,-0.00649234652519226,-0.00914925895631313,-0.00170123297721147
2015-10-30,0.00330285914242268,-0.0109100062400103,0.00290194153785706,-0.00646137678995728,-0.00253787124529481,0.000947290391195565,-0.0155047839507461,0.001059754868038,0.0141725251451135,-0.0172445233911276,0.0151276346296072,-0.0143149308860302
2015-11-02,0.00871418975293636,0.0202424023300409,0.0237916763871908,0.00995829422026873,0.0172380339354277,0.00851730443537235,0.0,0.0237137190997601,0.0184956640005112,0.0131141319870949,-0.0015482489252463,0.0165974944829941
2015-11-03,-0.00508733699098229,0.0100985923781991,0.001779526588507,0.00613744463771582,-0.00731614651158452,0.0010948312701657401,-0.00298878620378673,0.0266804751008749,0.0055152499116957205,0.00145855662412941,0.00755959283560515,0.00646260334178805
2015-11-04,-0.0027013870421797,-0.00705714523792267,0.00114943168591708,0.00330001837573945,0.0010078970808535801,0.00406177947297692,0.00265185884200036,0.000805820222012699,-0.00267554447054863,0.00045515247620642196,-0.011542871594429,-0.0016897342866286599
2015-11-05,0.00222497549839318,-0.000829183787573129,-0.00177432596683502,0.00468455301597714,0.000503441144246608,0.00840206816792488,0.000230039935559034,-0.010668252594769001,-0.004426583647727971,0.00513006187975407,0.00447644107043743,0.00338518852367997
2015-11-06,0.00386101868934929,0.03959696367383,0.00198664190247655,0.0,0.0016981508815661099,0.0200586803257465,0.00747291184961796,0.001627629972063,-0.005119979381561279,0.0180458966642618,0.00445649167522788,0.009446716867387291
2015-11-09,-0.0124038551002741,-0.0190444272011519,-0.00459148921072483,-0.0113095175474882,-0.0112394411116839,0.00998330116271973,-0.009928051382303241,-0.0184846613556147,-0.0264084115624428,-0.00680389022454619,-0.0027006054297089603,-0.005681820679455999
2015-11-10,-0.00301818293519318,0.0034875967539846897,-0.0030401605181396,-0.00341163319535553,0.0007620188989676541,-0.000748844002373517,0.0021898895502090398,-0.00113821984268725,0.0075114886276423905,0.00793219078332186,0.00019339112623129,0.0124370027333498
2015-11-11,0.00839844346046448,0.0049814679659903,0.000210349870030768,-0.00425616325810552,0.00926459021866322,0.009948804974555971,0.00264523713849485,0.0037664845585823102,-0.0071792993694543795,-0.00196745852008462,-0.000193353742361069,0.0182602666318417
2015-11-12,-0.0124927451834083,-0.0237463694065809,-0.0108284940943122,0.00976998824626207,-0.0172901600599289,-0.0132835730910301,-0.0110116889700294,-0.0150094060227275,-0.0451953820884228,-0.0112903416156769,-0.0245648045092821,-0.0166286341845989
2015-11-13,-0.00872805155813694,-0.00472312560304999,-0.0058454186655581,-0.0276153776794672,-0.00415872782468796,0.014218763448298,-0.0135699156671763,0.00931213982403278,0.0141274910420179,-0.0108754485845566,0.0140789030119777,0.00397880747914314
2015-11-16,0.0185991022735834,0.0161347799003124,0.0172118935734034,0.0139925209805369,0.0164472404867411,0.00283362879417837,0.0172838754951954,0.0243237558752298,0.0109148668125272,0.0128275752067566,0.00997266639024019,0.00264200544916093
2015-11-17,-0.0007284201565198599,-0.0022183589171618197,0.00210191216319799,-0.00286209513433278,-0.007458491250872609,-0.0025282297283411,-0.00728152180090547,-0.00348000368103385,-0.0142065631225705,-0.0056088543497026,0.0,-0.00131755322217941
2015-11-18,0.0173037108033895,0.022466629743575998,0.0176193006336689,0.00164014380425215,0.00881997495889664,0.000447275670012459,0.00710211461409926,0.0273212417960167,0.0134025122970343,0.0129184694960713,0.0292352046817541,0.0065963314846158
2015-11-19,0.00941767636686563,0.00022893423738423702,-0.000824506161734462,0.00603831699118018,0.00629014242440462,-0.00163935334421694,-0.00127168337348849,0.00259950151666999,-0.00426625506952405,0.0053889537230134,0.0030097789131105,-0.00819134991616011
2015-11-20,0.00561687303707004,-0.0019451116677373602,0.00412585400044918,-0.000813853810541332,0.00359888910315931,-0.00432901829481125,0.010417889803648,0.000398892269004136,0.0159954689443111,-0.00268003437668085,0.0,0.0128840235993266
2015-11-23,-0.00984569638967514,-0.00450710020959377,-0.00143810361623764,-0.0013236090308055301,-0.0018874051747843601,-0.00269865547306836,0.000687335967086256,-0.0027910564094781897,-0.00168685335665941,-0.0039412616752088105,-0.00600149482488632,-0.00228309514932334
2015-11-24,-0.0135768065229058,-0.0025539961643517,-0.0072008739225566405,-0.00744210183620453,-0.00567282643169165,0.0135297887027264,-0.00732683902606368,0.000999584910459816,0.00535067450255156,-0.00575539050623775,0.00716983154416084,0.00228831963613629
2015-11-25,0.0044586518779397,-0.00162941566668451,0.00331571535207331,-0.0009244449902325869,-0.000760666327551007,-0.00237312423996627,-0.00345975579693914,0.00339528638869524,0.00126045290380716,-0.0010853393469005801,-0.0273511223495007,-0.0097847105935216
2015-11-27,0.0041493806056678295,0.0058288644067943105,0.00020651287923101298,-0.00483184540644288,0.00228383298963308,-0.0025275913067162,0.00324035133235156,0.000995207694359124,-0.00377670512534678,0.00307856150902808,0.00173343904316425,0.0
2015-11-30,-0.00105708837509155,0.0031293958891183103,-0.0047496035695076,-0.00774793373420835,-0.0089246379211545,0.00372633803635836,-0.00496020633727312,-0.00576657196506858,0.0200786329805851,-0.00523561891168356,0.00230730138719082,-0.0138339940458536
2015-12-01,0.0019240459660068102,0.0108607141301036,0.0026973974891007,0.00676724500954151,0.0020436330232769303,-0.000890964700374752,0.0150706628337502,-0.0076000215485692,-0.015003495849668999,0.011070791631937001,0.0247457716614008,0.00768201518803835
2015-12-02,-0.0100816423073411,-0.0141730243340135,-0.006932210642844439,-0.0149947982281446,-0.0076481644064188,-0.000148664330481552,-0.007423411589115859,-0.0143087282776833,-0.00740635534748435,-0.0113085126504302,-0.021153075620531998,-0.0066291270777583105
2015-12-03,-0.00678949523717165,-0.0199420433491468,-0.0148989399895072,-0.0057743103243410605,-0.00847779121249914,-0.015459987334907,-0.0189851745963097,-0.00674704601988196,-0.0195691883563995,-0.0159767791628838,-0.008223375305533409,0.0020020478405058397
2015-12-04,0.0209961086511612,0.0259079914540052,0.0209412556141615,0.0108765196055174,0.0248736646026373,0.0229502730071545,0.0254515372216702,0.0121448393911123,0.0048823086544871296,0.0271217226982117,0.027959905564785,0.0153179848566651
2015-12-07,-0.0035390027333051,-0.0072648162022233,-0.0023826346732676,0.0018802913837134801,-0.00297055509872735,-0.00959411822259426,-0.0094933295622468,-0.0134228160604835,-0.0231495089828968,-0.00449074897915125,-0.0240105520933867,-0.003935681656002999
2015-12-08,-0.0145901003852487,-0.01451968960464,-0.0055037010461092,-0.0175164248794317,-0.00608562119305134,-0.0074515650048852,-0.00323324231430888,-0.025355588644742997,-0.0266237519681454,-0.0184048488736153,-0.0217181872576475,-0.0059269112534821
2015-12-09,-0.00750052835792303,-0.00895797461271286,-0.0135741410776973,-0.000742859963793308,-0.0047196266241371606,0.11846846342086802,-0.00973126478493214,-0.00296107004396617,-0.0094679482281208,-0.00514710647985339,0.119253426790237,0.00927455350756645
2015-12-10,-0.00127585884183645,-0.0034491068217903397,0.00190537003800273,-0.0030798737425357103,0.00942006520926952,0.0008055469370447099,0.006003556773066521,-0.00360624026507139,0.00713083846494555,0.004065063316375021,-0.0361594036221504,0.00590746011584997
2015-12-11,-0.0346894524991512,-0.0369972363114357,-0.0172213930636644,-0.0060722241178155,-0.0170772112905979,-0.0551307909190655,-0.0249239094555378,-0.0317224115133286,-0.0143114943057299,-0.0189547073096037,-0.0280459094792604,-0.0127242868766189
2015-12-14,0.00763514172285795,0.0,0.00376269733533263,-0.00289393635466695,0.0180843695998192,-0.0357751883566379,0.0152405686676502,-0.0107739195227623,0.0105456588789821,-0.0020634140819311103,-0.0389731712639332,0.0
2015-12-15,-0.00515257753431797,0.0293716080486774,-0.00867521855980158,0.0024723568931222,-0.0602677129209042,-0.0209069233387709,0.0102837206795812,0.00511223683133721,0.0095280883833766,0.0321428403258324,-0.0140378475189209,0.00198279786854982
2015-12-16,0.0569716729223728,0.0136046819388866,0.0169619675725699,0.0200514160096645,0.0122864507138729,-0.0040600998327136,0.00854095816612244,0.019460354000330003,0.0145318536087871,0.0171188972890377,0.0029662156011909303,0.0217678043991327
2015-12-17,-0.0170061904937029,-0.0277943219989538,-0.0223626680672169,-0.0132449753582478,-0.00733571778982878,-0.0150988968089223,-0.0161252841353416,-0.0238611381500959,-0.0416420511901379,-0.00680389022454619,-0.00926658511161804,-0.00645578792318702
2015-12-18,-0.004691581707447771,-0.0281001273542643,-0.0071824574843049,-0.0162992049008608,-0.012966126203537,-0.0280546024441719,-0.0180403124541044,-0.00911110732704401,0.00323573313653469,-0.0302866455167532,-0.0123382871970534,-0.00883792340755463
2015-12-21,0.007561589125543829,0.00628535496070981,0.0137016326189041,0.0137535659596324,0.0038115815259516204,0.00662457663565874,0.0103266164660454,0.0289302747696638,0.00199657888151705,0.00427587935701013,0.0269998013973236,0.00396297639235854
2015-12-22,0.0152047295123339,0.0179886911064386,0.0028113592416048,0.0134601229801774,0.010103102773428001,0.0126919075846672,0.00855718087404966,0.0211420524865389,0.0485899113118649,0.00592372613027692,0.0103982491418719,0.0029605312738567604
2015-12-23,0.00768044730648398,0.0180390384048223,0.010567213408649,0.0150732612237334,0.0147009631618857,0.0216617919504642,0.0102522121742368,0.0315902531147003,0.0216342005878687,0.0128818694502115,0.0199999772012234,0.0150869460776448
2015-12-24,-0.0029534827917814302,-0.00494209304451942,-0.00341442273929715,0.0,0.000198457128135487,0.005603555124253029,0.00244954018853605,-0.00144844828173518,-0.00729721179232001,-0.00399711495265365,-0.0041880337521433796,-0.0038772483821958295
2015-12-28,-0.00305780884809792,-0.0012114609126001599,0.00010708925401559101,-0.00218075490556657,0.00019841775065288,0.0010542122181505,-0.0022108731791377102,0.0,-0.0115306349471211,-0.00255380128510296,-0.00152937928214669,0.0022705057635903397
2015-12-29,0.009680767543613909,0.00921773351728916,0.00813611503690481,0.0122801577672362,0.0110435001552105,0.0165487956255674,0.0127113275229931,0.00476592127233744,0.00889473035931587,0.0111558269709349,0.0195290334522724,0.0122977690771222
2015-12-30,-0.00835387594997883,-0.0124985091388226,-0.00870765373110771,-0.00380379497073591,-0.0064098089933395394,-0.00355184054933488,-0.0052970875985920395,0.000824852555524558,-0.007226477377116679,-0.00723460875451565,-0.0214055888354778,-0.00735298730432987
2015-12-31,-0.00852000154554844,-0.00924905110150576,-0.0050348285585641896,-0.00856555067002773,-0.00836024153977633,-0.0108421705663204,-0.0192173663526773,-0.014424005523323999,-0.0106275053694844,-0.009655652567744259,-0.00348432641476393,0.0032206242904067
