date,05301510,14912310,23585110,26054310,26353410,29101110,36960410,43851610,74432010,88579Y10,91301710,94974610,est_iv,impl_corr,samp_corr
2015-01-02,0.2412436205374144,0.24325321428571428,0.2496065724385077,0.30039757142857143,0.19939964285714287,0.2754477897569701,0.19031499999999998,0.23486339605076817,0.30988813264144205,0.17570914285714287,0.1952609285714286,0.1802824285714286,0.139078,0.5285200790909105,
2015-01-05,0.30272563097733396,0.289465,0.3121674015011818,0.3294782857142858,0.21922385714285714,0.4139966950056788,0.21031885714285714,0.3369960245499938,0.41793926467849374,0.1967784285714286,0.21407764285714287,0.21606635714285716,0.1673062142857143,0.4945598429538816,
2015-01-06,0.32954515327362405,0.2953975,0.3292668846819884,0.33539692857142855,0.23254842857142857,0.4146837821946106,0.22396842857142854,0.363222258644133,0.47039034678247427,0.20610335714285716,0.21866178571428568,0.23293071428571427,0.17618414285714287,0.4738474812547471,
2015-01-07,0.3350072050221457,0.28835849999999996,0.32464434504046114,0.331032,0.221129,0.4044589783040426,0.2169865,0.31142100315007654,0.4643290465184684,0.2009125,0.211735,0.2195495,0.1639365,0.41754360575638405,
2015-01-08,0.2758723334095562,0.2672290714285714,0.3222142261291391,0.3116637857142857,0.233708,0.3375787567380882,0.19765671428571427,0.30220318249068784,0.40576382505097713,0.1881047857142857,0.20049314285714287,0.20006364285714287,0.14345035714285714,0.38781595418972636,
2015-01-09,0.2961331478802019,0.2671721428571428,0.32215281824585984,0.3065145,0.23769885714285716,0.4204268659183634,0.2097264285714286,0.30755651225984065,0.4827915802506683,0.18800507142857142,0.19781921428571428,0.21394228571428572,0.14812121428571426,0.355115381693153,
2015-01-12,0.17234861764705883,0.27279392857142853,0.19337954411764707,0.31820457142857145,0.234116,0.2487354852941176,0.21465507142857146,0.20414255882352944,0.280662455882353,0.19869928571428572,0.20151607142857145,0.2145087142857143,0.1645680714285714,0.910837702482618,
2015-01-13,0.17444982352941174,0.2809564285714286,0.19881888235294118,0.32683971428571423,0.23542835714285723,0.25019444117647055,0.20761321428571428,0.18942588235294114,0.28939273529411763,0.20001407142857144,0.20509257142857143,0.22236407142857145,0.17054992857142856,0.9665764841451988,
2015-01-14,0.20178635294117647,0.2641575,0.2287966617647059,0.3128375,0.24503350000000002,0.250905,0.22100899999999998,0.219437,0.30665045588235296,0.201204,0.2091565,0.220361,0.1848525,1.0151375436674313,
2015-01-15,0.21756088235294116,0.2874880714285714,0.2225754411764706,0.33510085714285714,0.2533299285714286,0.24912917647058824,0.23170007142857144,0.21428791176470585,0.31075720588235295,0.20613742857142858,0.20621192857142856,0.22401278571428568,0.19529049999999998,1.071255655453786,
2015-01-16,0.1617565103719609,0.2762682142857143,0.1895792560103256,0.29751700000000003,0.23034557142857143,0.22036971797851126,0.21557942857142856,0.1837646428737041,0.25918518857152534,0.20116514285714285,0.19156492857142854,0.19452964285714286,0.17782671428571425,1.2053673994034624,
2015-01-20,0.170489795922068,0.25973171428571423,0.2113198728933874,0.29896885714285715,0.22332592857142858,0.23368812467447073,0.20480714285714288,0.17704739845407177,0.2719801556613063,0.18820192857142856,0.18345864285714283,0.18688835714285718,0.17122485714285712,1.1058799811624718,
2015-01-21,0.16794800000000001,0.238165,0.20982450000000002,0.278137,0.214603,0.2315175,0.207393,0.176622,0.2641265,0.18201499999999998,0.17593399999999998,0.17875000000000002,0.16147999999999998,1.0317333190356792,
2015-01-22,0.1581501754575106,0.23552407142857149,0.19902774232091883,0.2519774285714286,0.19168485714285713,0.23189720969068942,0.1984662142857143,0.17721715166345187,0.247115497450079,0.1707027857142857,0.1655085,0.15255364285714285,0.13558664285714286,0.8054828571416235,
2015-01-23,0.16018405570819153,0.24135249999999994,0.19720952329470548,0.25582107142857147,0.18852892857142858,0.25196053238765675,0.157199,0.17740188147934258,0.2594686181896914,0.16754542857142857,0.1630396428571428,0.15028371428571427,0.140243,0.8941758703867305,
2015-01-26,0.1736970637713833,0.2701452857142857,0.22765540380144728,0.25793685714285713,0.18639464285714283,0.26942253514656117,0.15665371428571426,0.182679713714468,0.2861324549309288,0.1734615,0.1735947857142857,0.1485425,0.13212771428571427,0.6833136212880045,
2015-01-27,0.19747331227994455,0.22498392857142857,0.1859547671108488,0.2788831428571429,0.19614135714285716,0.31863074252181006,0.16158021428571429,0.18933737894381159,0.28301632882717653,0.16257314285714286,0.17075228571428575,0.15766064285714285,0.15307978571428574,0.9146181614338651,
2015-01-28,0.2070563360839267,0.22650350000000002,0.2163660051283875,0.286639,0.198746,0.36813650926675107,0.17945500000000003,0.2007549070275797,0.336982837894022,0.165952,0.1836945,0.178114,0.1740565,1.0132424580504262,
2015-01-29,0.21523296546548853,0.22508171428571427,0.2029809490822745,0.2590177142857143,0.19028771428571428,0.371785405266386,0.17940635714285716,0.18421289653642847,0.3420773016829742,0.16612521428571428,0.18233478571428569,0.16484321428571427,0.16140021428571427,0.8815140562364806,
2015-01-30,0.24407106055482522,0.23177999999999996,0.23473453227300958,0.26330421428571427,0.20168878571428572,0.4119941064089562,0.19131578571428573,0.23153789335734476,0.3800964428973445,0.1847730714285714,0.19306735714285717,0.18189185714285713,0.18714785714285714,0.9748443738570126,
2015-02-02,0.2730091780630583,0.23100464285714287,0.25012630145921616,0.2643866428571428,0.20037192857142855,0.41340934284364783,0.18194435714285717,0.22475116007208953,0.3848874024877277,0.17513892857142857,0.1820042142857143,0.17139649999999998,0.16433914285714285,0.6887299635711222,
2015-02-03,0.25142385196761924,0.22318335714285714,0.22231214085386658,0.24391435714285717,0.1922649285714286,0.2653237989998924,0.1640920714285714,0.2454001209198969,0.36281339261875306,0.16878635714285714,0.16965428571428573,0.16123692857142857,0.14267457142857143,0.5907896444368105,
2015-02-04,0.20513784480921296,0.22932299999999997,0.24651623006913767,0.2630565,0.1968625,0.32183561291126367,0.1670345,0.24080348379435879,0.4064772336821277,0.169902,0.173377,0.1764385,0.1502875,0.6730535525289953,
2015-02-05,0.2136579707897648,0.2159558571428571,0.23773495668916678,0.24467085714285713,0.19448385714285712,0.30751791071090473,0.15419978571428575,0.26025630766995833,0.3780581760952936,0.16397992857142857,0.16529021428571428,0.15853778571428573,0.13808842857142856,0.5845138541398887,
2015-02-06,0.20652363306264215,0.2172875714285714,0.2559058845789656,0.24279157142857138,0.1839046428571429,0.31744907087931895,0.1456889285714286,0.2670062599587187,0.3564980044732268,0.1631544285714286,0.16447264285714283,0.15750828571428574,0.152042,0.7625344489540528,
2015-02-09,0.17456701785714285,0.21721728571428572,0.17538008928571427,0.24670757142857141,0.19268964285714288,0.22614925,0.1557297857142857,0.18894775,0.2489293035714286,0.16790657142857143,0.1757982857142857,0.16613949999999997,0.15672207142857145,1.1223753889805013,
2015-02-10,0.1538137142857143,0.2176682857142857,0.17037114285714286,0.24292542857142857,0.1813672142857143,0.21941528571428573,0.14958114285714283,0.1857164285714286,0.2304165,0.15956828571428572,0.17336507142857144,0.15956985714285712,0.1399617857142857,0.9895989334387973,
2015-02-11,0.15100525,0.21685100000000002,0.16921212500000002,0.24883499999999997,0.189032,0.219437375,0.140597,0.1823175,0.233988375,0.160194,0.1680615,0.1615365,0.1413885,1.0227524851859333,
2015-02-12,0.15158910714285714,0.21283364285714287,0.16363278571428572,0.23661292857142854,0.17569878571428574,0.21430085714285715,0.13313457142857144,0.1496724642857143,0.2340855357142857,0.15280107142857144,0.162117,0.15310078571428573,0.12471442857142857,0.844525223085187,
2015-02-13,0.14790585714285714,0.2072635714285714,0.1508925,0.23087014285714286,0.17239328571428575,0.21439871428571428,0.1317952857142857,0.1462794821428571,0.21231758928571431,0.14947378571428568,0.1584257857142857,0.15382764285714284,0.12247464285714285,0.8718286693842024,0.5725857799785052
2015-02-17,0.15625071428571427,0.22067092857142856,0.15339175,0.2270445,0.16329542857142856,0.21363294642857147,0.13531071428571428,0.15737705357142856,0.22988742857142858,0.14928035714285715,0.16628264285714286,0.15647342857142857,0.131762,0.9569435200136759,0.5554516311668245
2015-02-18,0.156123,0.214849,0.151154,0.228681,0.1584505,0.1847615,0.127539,0.1508615,0.22333199999999997,0.148535,0.166743,0.155558,0.1296005,0.967721991359514,0.530395045435251
2015-02-19,0.15889672337499708,0.20117557142857145,0.14844861236357995,0.21453442857142857,0.16451907142857142,0.2087537157009799,0.13507007142857141,0.15325743873125872,0.22393640512642932,0.1444298571428571,0.13799042857142857,0.14608607142857144,0.12715407142857144,0.9493192143054942,0.5151826908121515
2015-02-20,0.16105767870631893,0.1885005,0.1521744647609048,0.208057,0.14773885714285714,0.20381655599262888,0.131461,0.15217653495758282,0.21480464241042702,0.1289342857142857,0.1422156428571429,0.1450087857142857,0.11861864285714285,0.8538801414958226,0.5192131195555464
2015-02-23,0.15261412708789449,0.1970515,0.1626593587925392,0.2024165,0.15246442857142856,0.2163159036934178,0.13120228571428574,0.16228909834366573,0.23078728138526178,0.1293925,0.14909907142857143,0.15030014285714285,0.11899057142857143,0.825734426899552,0.4798851179988419
2015-02-24,0.15420986905127865,0.18788557142857143,0.15805926007454454,0.19243014285714286,0.147579,0.21382176428043992,0.12461349999999997,0.15742253971795148,0.2254386964405457,0.13196242857142856,0.1436787857142857,0.1437395,0.11183964285714286,0.7523874706147645,0.4634570663226451
2015-02-25,0.1540540940610035,0.183838,0.16419291353499002,0.18880550000000001,0.141816,0.2173670386703699,0.138458,0.16072841239454078,0.23510925894954532,0.126232,0.1473925,0.141621,0.10989650000000001,0.7031805580204755,0.4525082304775592
2015-02-26,0.1549777310615948,0.19541016666666666,0.16913434511169997,0.20093533333333333,0.14661133333333334,0.2111254104113563,0.13747683333333335,0.16490826359331917,0.241946378235447,0.12952741666666667,0.14635083333333332,0.144779,0.1133795,0.7237608174533208,0.45015122014389947
2015-02-27,0.16066322728103385,0.19259783333333336,0.16390588249815807,0.2036096666666667,0.14685733333333334,0.21053533623412077,0.13825866666666667,0.16249371989622952,0.24509835954454812,0.13222066666666665,0.1468925,0.14393,0.110869,0.6741029251898117,0.4416142180526184
2015-03-02,0.18889120726955505,0.18945,0.17903123716733532,0.1924645833333333,0.15174374999999998,0.23361577345433396,0.13419716666666667,0.18561918183923415,0.24217054816888176,0.125636,0.14343175,0.14352475,0.10563925,0.5286097388363186,0.44283790264210376
2015-03-03,0.20946231167212256,0.191803,0.18966483371331655,0.19971699999999998,0.1548415,0.2416054825390789,0.137012,0.19877714667435992,0.25395250386955753,0.142514,0.145963,0.14140950000000002,0.11288000000000001,0.5404247863990321,0.44434352936379695
2015-03-04,0.21759784833925863,0.20071412500000002,0.22084310449247677,0.194087,0.155346,0.25035234193126443,0.14602199999999999,0.19631403440780473,0.2908441013012277,0.1387636875,0.14929706250000002,0.15027806249999998,0.117056625,0.5202802275772237,0.45524683885069334
2015-03-05,0.21958918247035758,0.19241624999999996,0.18893115375845246,0.200004875,0.154036625,0.24318321443820912,0.1386885,0.19573139967312347,0.2897787228912779,0.135921625,0.14860325,0.14632125,0.11702525,0.5467316127318423,0.45629976576199516
2015-03-06,0.2394602605246552,0.21734925000000005,0.2358101502768094,0.21203787500000001,0.15246856250000002,0.2770607144352892,0.146081625,0.26938501638653073,0.32157054086239883,0.1456003125,0.162446375,0.1557530625,0.1340063125,0.5826398345369376,0.4415968642361245
2015-03-09,0.1574934464285714,0.205721,0.18316648214285716,0.20729137500000003,0.15268587500000003,0.1812631607142857,0.14391562500000002,0.1528469285714286,0.22613723214285714,0.134078875,0.15672324999999998,0.14901825000000002,0.128046,0.9349649639068809,0.4769041320659676
2015-03-10,0.1785337857142857,0.225280375,0.18852607142857145,0.22649712500000002,0.1623826875,0.22099992857142858,0.16877081249999998,0.20243885714285711,0.26051657142857143,0.161244875,0.198895375,0.17327725000000002,0.1460864375,0.9154724729515333,0.5238740206893692
2015-03-11,0.177488625,0.2294,0.190967125,0.22492299999999998,0.15888000000000002,0.221039625,0.1685815,0.19601137499999996,0.2589955,0.1645145,0.203577,0.17442649999999998,0.1511455,0.9898812035565555,0.5268735117591571
2015-03-12,0.15831621428571424,0.22153457142857147,0.18635835714285715,0.218024,0.15351221428571432,0.21281010714285717,0.1593802857142857,0.19778689285714288,0.24618110714285715,0.15239957142857144,0.17288571428571428,0.15436078571428571,0.1365795,0.922533259861274,0.5203803189421891
2015-03-13,0.17954294642857144,0.22750064285714286,0.1928507678571428,0.22151364285714287,0.16182435714285717,0.2089794285714286,0.17198128571428573,0.1956397142857143,0.26155271428571425,0.15991335714285718,0.18570957142857145,0.15822871428571425,0.14181685714285713,0.8818243354821036,0.5376039095820218
2015-03-16,0.16553592857142857,0.22647307142857143,0.18465239285714286,0.22296821428571428,0.19172114285714287,0.21262660714285714,0.18174285714285715,0.178075,0.2524640357142857,0.15798785714285715,0.1814724285714286,0.17349064285714286,0.1393097857142857,0.8630820545066864,0.4829009734499489
2015-03-17,0.15991394642857143,0.23929107142857145,0.18589414285714287,0.2182787857142857,0.19655628571428574,0.2088014642857143,0.18825342857142857,0.20621032142857146,0.2317629285714286,0.16231135714285716,0.1802730714285714,0.17666099999999998,0.14254899999999998,0.9018422888837697,0.48767291799439105
2015-03-18,0.156155,0.2102525,0.1859805,0.1978025,0.1877995,0.178341,0.1701625,0.1606155,0.24344749999999998,0.1558965,0.17109950000000002,0.173654,0.122274,0.7181615108685835,0.4442496609279307
2015-03-19,0.15766552956829763,0.22076057142857147,0.18106380591949273,0.20532878571428567,0.18248264285714286,0.1737417371756434,0.18096307142857146,0.16689109208268646,0.24823481077868104,0.15129192857142856,0.16876592857142855,0.1735154285714286,0.12207692857142857,0.700847625440437,0.48085352072757154
2015-03-20,0.14916439879105345,0.2118526428571428,0.1746179844965657,0.19944414285714288,0.17048235714285712,0.16607531790468702,0.16841407142857143,0.18642379860218453,0.22187281141838094,0.14764285714285716,0.15858407142857142,0.16322614285714288,0.10869892857142857,0.5973957862274167,0.5248956590842382
2015-03-23,0.15278008702281853,0.22407242857142856,0.1883168742763112,0.2087904285714286,0.17188514285714285,0.16444767294279358,0.16135185714285716,0.18822485688665033,0.23085793759517995,0.16299900000000003,0.16149228571428573,0.1528499285714286,0.11127021428571428,0.6018228111449083,0.5445938460256177
2015-03-24,0.15435968560577112,0.23208864285714284,0.21525508385401726,0.2144847857142857,0.1802105,0.16886394054182352,0.15731964285714284,0.19400628888083116,0.2611319315313861,0.15598557142857142,0.16364800000000002,0.16249142857142856,0.11818757142857142,0.6313279998709991,0.5472456114231209
2015-03-25,0.17920898770496738,0.24799949999999998,0.24337049811204392,0.22418349999999998,0.2127675,0.18370478752015718,0.177396,0.24282058636023035,0.2790548027546467,0.19150099999999998,0.18808750000000002,0.17958000000000002,0.13735950000000002,0.6643575101903506,0.5777369440846729
2015-03-26,0.1853730545879652,0.2525111428571429,0.25601190790908535,0.237676,0.21039357142857143,0.19607546882282575,0.17852642857142856,0.2518687365282577,0.3047058491179723,0.19319942857142855,0.18601949999999998,0.17890699999999998,0.14091025,0.6562399215505761,0.5822866774749307
2015-03-27,0.18654470758756084,0.2574822142857143,0.2222874215354012,0.23355057142857144,0.21397564285714285,0.19606410584660458,0.17848964285714283,0.22490556980414816,0.30220937057006875,0.1910095714285714,0.18527235714285714,0.18722085714285713,0.13550700000000002,0.622641179740828,0.5645432631445402
2015-03-30,0.2019012038266901,0.24059778571428572,0.23771984480686506,0.2331824285714286,0.20464985714285716,0.19923788227894815,0.17501107142857145,0.24951501558773972,0.32828697836902804,0.18568785714285713,0.17647035714285714,0.16862728571428573,0.12491783333333333,0.4835039875342138,0.5844322587627852
2015-03-31,0.21419813727254824,0.2536784285714286,0.24281899633599024,0.2410841428571428,0.21106928571428574,0.23837343101430036,0.17062778571428572,0.25820212689782174,0.3326342941642032,0.18670421428571427,0.1870205714285714,0.17657207142857143,0.135523,0.5400985331338011,0.6013553812917504
2015-04-01,0.22292376555779952,0.253772,0.2528335251167629,0.2424445,0.220161,0.30342734240671193,0.1767045,0.27587689776420204,0.3420534218151731,0.19704349999999998,0.1960265,0.180594,0.1384015,0.5099545703938073,0.6167548086724691
2015-04-02,0.23877086812360504,0.24524592857142857,0.2469061316411563,0.2420652857142857,0.21323228571428568,0.45365354785838496,0.17282907142857143,0.27578012994412776,0.33667545883313205,0.19475214285714285,0.19069914285714282,0.16688557142857144,0.132238,0.4319367087115174,0.6218920176916063
2015-04-06,0.1757352142857143,0.23824464285714284,0.19493605357142857,0.2362594285714286,0.2096201428571429,0.21389019642857146,0.17347614285714283,0.19447160714285713,0.26233160714285714,0.19248628571428572,0.1893537142857143,0.17390514285714284,0.13179814285714286,0.6730025323517419,0.6059716713058307
2015-04-07,0.17212292857142858,0.2479765,0.19533671428571428,0.23447285714285715,0.20720492857142858,0.20893857142857142,0.1726097142857143,0.19369692857142856,0.2661862857142857,0.1920984285714286,0.19443742857142857,0.16946514285714284,0.13218042857142856,0.6836845248509381,0.6114378781879443
2015-04-08,0.15899762500000003,0.2504805,0.19916587500000002,0.231813,0.202905,0.21315575,0.170439,0.19212699999999996,0.26329887500000004,0.1803025,0.189022,0.175229,0.126045,0.6440280364395411,0.6065959878900402
2015-04-09,0.1564703928571429,0.2460115,0.19964789285714285,0.2401420714285714,0.19954428571428573,0.20810167857142856,0.1837177142857143,0.18748510714285713,0.26675517857142855,0.17793557142857144,0.18548407142857143,0.16615935714285715,0.11609542857142856,0.5350714065241386,0.6069216983725275
2015-04-10,0.1525748392857143,0.24624450000000003,0.2035241071428572,0.2350627142857143,0.19043542857142856,0.21047664285714293,0.21013928571428572,0.18766251785714286,0.26294846428571433,0.17396000000000003,0.18193107142857143,0.1650607857142857,0.11030478571428572,0.47143568750560805,0.53974951832603
2015-04-13,0.1734757857142857,0.2601232142857143,0.21282750000000009,0.23223878571428572,0.19786107142857143,0.23726864285714286,0.19383692857142856,0.1837200357142857,0.26933725000000003,0.17681878571428575,0.18915521428571427,0.16421028571428573,0.12658535714285715,0.603339163605322,0.5355234637858073
2015-04-14,0.17219808928571426,0.25456399999999996,0.22453864285714284,0.22553907142857144,0.19755114285714287,0.2279666964285714,0.19257685714285713,0.1756524107142857,0.25663442857142854,0.17262157142857143,0.16462249999999998,0.14127892857142857,0.12244557142857146,0.60092642694516,0.5226635820821307
2015-04-15,0.171192,0.25684399999999996,0.21768350000000003,0.217765,0.1903865,0.21705999999999998,0.189023,0.172317,0.2523345,0.1686135,0.159918,0.132929,0.11378350000000001,0.5311810737246633,0.5185158218683591
2015-04-16,0.16772816147790637,0.25180314285714284,0.22474601294975258,0.21761428571428573,0.18523935714285716,0.21935286535782858,0.1874197142857143,0.18378250153726036,0.2537596722061834,0.16830114285714284,0.18217621428571432,0.13008742857142858,0.11163471428571428,0.5000785119581166,0.5281588929393836
2015-04-17,0.19179337123581722,0.26230578571428576,0.2174182657164362,0.22850135714285713,0.19450835714285716,0.24507040029401317,0.16916807142857143,0.1869496285584034,0.2594603374029793,0.1919089285714286,0.19115785714285713,0.14243735714285713,0.12485592857142858,0.5775285485567915,0.5481657668771035
2015-04-20,0.18048225081375735,0.24519735714285715,0.23615770106159992,0.22274814285714287,0.19814635714285717,0.25040834656276934,0.14840499999999998,0.1512607046482992,0.2715980891449717,0.17415014285714284,0.17056464285714285,0.13394142857142857,0.11289671428571431,0.5025595008472509,0.5623848914230055
2015-04-21,0.17980166705376374,0.24459150000000002,0.24056849139330366,0.22276814285714286,0.16731757142857145,0.2552298301047754,0.1548597857142857,0.1861688706196944,0.2743454162274267,0.17830685714285716,0.16332942857142857,0.1323602857142857,0.11546778571428572,0.5244551995130472,0.5642609802831818
2015-04-22,0.18671416958875245,0.22437200000000002,0.24746942495993318,0.215478,0.16706749999999998,0.257966857705092,0.1373055,0.18702481547970418,0.29035568911849874,0.171935,0.1605,0.13104549999999998,0.10653599999999999,0.4259520641679796,0.5435566835567708
2015-04-23,0.19779264286891005,0.1772572857142857,0.17835605435476534,0.18399678571428574,0.16228478571428573,0.2635812531431678,0.13127328571428573,0.15950801104240675,0.29785233366304636,0.14819064285714287,0.15639378571428572,0.12691278571428571,0.10541035714285717,0.47530168815603346,0.5252192005505097
2015-04-24,0.19836611614818261,0.16863728571428568,0.18384468615907446,0.1792007857142857,0.18562221428571427,0.2704623058632333,0.12588264285714285,0.19913225768676596,0.310729557711709,0.1459807142857143,0.161208,0.12825435714285713,0.10250785714285715,0.40846618511971605,0.5012739712643952
2015-04-27,0.22234861940299222,0.17119714285714283,0.21146424520570062,0.17745714285714284,0.18910192857142857,0.30562034333534915,0.130654,0.18033707805223162,0.35800179759558004,0.15875692857142856,0.15962442857142856,0.13371214285714286,0.11321278571428571,0.4349063553864994,0.4848039656478681
2015-04-28,0.23315937337568304,0.17597735714285712,0.21109892798060062,0.17247985714285716,0.175924,0.3202653538653074,0.13510185714285713,0.18659817076841254,0.3667023489848809,0.15323314285714287,0.1583289285714286,0.13331271428571428,0.107791,0.3626391178036297,0.4928964492093566
2015-04-29,0.25314572697454085,0.177604,0.21932796696777807,0.1740675,0.177215,0.3196207598193522,0.1398845,0.2407870521176336,0.390932867500131,0.15408899999999998,0.16476849999999998,0.1316135,0.11384649999999999,0.35655093551965417,0.48089117023917083
2015-04-30,0.21854690707488864,0.19340357142857142,0.23898653569186695,0.18821642857142856,0.18684685714285715,0.3350356782075604,0.14875078571428574,0.2588039103414011,0.4215770629434197,0.15677257142857146,0.17562114285714286,0.15142571428571427,0.1299877857142857,0.495251022343764,0.4844913599012142
2015-05-01,0.2288078232783854,0.18229985714285712,0.22987497000815466,0.182684,0.17438100000000004,0.3305241800566834,0.14349678571428573,0.26323025860146254,0.43935045681644785,0.15859978571428573,0.1632472857142857,0.14340771428571428,0.1086257857142857,0.3010825797809206,0.5019740407723277
2015-05-04,0.2355985389906853,0.18217378571428572,0.26972318613171814,0.1837195714285714,0.1835527142857143,0.3952991131820308,0.1400182857142857,0.23060704452054367,0.5085238782332734,0.14948007142857142,0.1649875,0.13680692857142857,0.11048914285714284,0.2740560493489758,0.499330731859189
2015-05-05,0.2821259618162604,0.1848419285714286,0.29001372119392904,0.18839971428571428,0.19896435714285715,0.3167444613071395,0.15105757142857143,0.32638159200045275,0.5882763343589048,0.1609914285714286,0.17013192857142853,0.1412382142857143,0.12738285714285716,0.2909220549554311,0.5242554921377984
2015-05-06,0.3156333396007146,0.1984915,0.30859419186584397,0.196377,0.196109,0.3405145496463159,0.15641149999999998,0.343436649490606,0.6527474450358526,0.16791849999999997,0.176717,0.154229,0.13423849999999998,0.2651317436334105,0.5260224047929339
2015-05-07,0.2837212045014436,0.19455264285714285,0.32821403718267445,0.19637635714285712,0.1978615,0.3287669055553455,0.15747121428571426,0.36373219920490607,0.44524203846335086,0.16731857142857146,0.17385607142857146,0.15531478571428575,0.13195207142857143,0.3426432914573524,0.47988322159453595
2015-05-08,0.28281163838195505,0.1748907142857143,0.29528974885876313,0.17879107142857142,0.18450642857142857,0.3104290971651751,0.1349959285714286,0.3567259405742333,0.43285017772030543,0.1485515714285714,0.15923414285714288,0.13313814285714284,0.10840385714285715,0.21746353013495578,0.5050923584850434
2015-05-11,0.14516867142857143,0.17601257142857143,0.17214802857142858,0.18229871428571426,0.18727064285714287,0.16812774285714288,0.1433342142857143,0.1481028,0.19921862857142858,0.14718857142857142,0.1590047142857143,0.13988599999999998,0.11725135714285714,0.8381883281515553,0.4699968590871232
2015-05-12,0.14650748571428573,0.18109485714285714,0.21814455714285713,0.18583785714285714,0.1944782142857143,0.19027521428571428,0.14613600000000002,0.18410047142857144,0.21772881428571428,0.14590199999999998,0.16553064285714286,0.14168171428571427,0.1199045,0.7622873557632779,0.41570505111588235
2015-05-13,0.14279189999999997,0.1773775,0.176399,0.188884,0.18214200000000003,0.19665029999999997,0.146038,0.1624092,0.20982780000000004,0.14238,0.16466999999999998,0.14265999999999998,0.11837049999999999,0.8191920629122376,0.37066407001547297
2015-05-14,0.14237350000000001,0.1722505,0.16064728571428571,0.18105242857142856,0.1828304285714286,0.19469958571428572,0.138275,0.1661097,0.19437004285714282,0.13324421428571429,0.14999664285714284,0.13695042857142856,0.10864078571428572,0.7333484339520074,0.3582838378762749
2015-05-15,0.12008905096159744,0.16855278571428572,0.14537504952658536,0.17014400000000002,0.17268935714285716,0.15399813793586692,0.12385100000000002,0.14252444943938566,0.17683395360680673,0.13004814285714286,0.1514985,0.1360927857142857,0.10219192857142856,0.789468683868889,0.3573208762080704
2015-05-18,0.1291891689877677,0.16001085714285715,0.14396702106814036,0.16676707142857142,0.1583897142857143,0.16326416059061882,0.12898192857142857,0.14707799494098148,0.19032179049306036,0.1292352857142857,0.14105428571428572,0.1322625,0.10646464285714287,0.8442891191924553,0.35933077409781067
2015-05-19,0.12204754847480419,0.16678307142857143,0.15694764823896512,0.17415464285714283,0.15871907142857142,0.16221802861178392,0.14933485714285716,0.14549938849306152,0.1877642484366173,0.12890014285714285,0.14157071428571427,0.1282702142857143,0.1078927857142857,0.8541349831158679,0.33822434468732343
2015-05-20,0.1251665,0.16422199999999998,0.14406750000000001,0.16961500000000002,0.16050199999999998,0.167197,0.1511135,0.1513135,0.197403,0.12808150000000001,0.1423755,0.1359985,0.1098735,0.8643680244112336,0.34006324997380777
2015-05-21,0.12620473912729926,0.16028285714285712,0.14313835803497355,0.16236435714285716,0.15531571428571428,0.18762915579330122,0.14747335714285717,0.14975252848104276,0.19906690048825293,0.1272694285714286,0.1412355,0.1330112142857143,0.10605099999999999,0.8070839560237923,0.33682273457735856
2015-05-22,0.12313685105655821,0.155421,0.14856766459861215,0.1605782142857143,0.14942335714285715,0.20663668141727123,0.14362649999999996,0.1511652438803666,0.19925280741591822,0.133765,0.13993835714285713,0.1292095,0.10662685714285715,0.8247817574820437,0.37725966748528733
2015-05-26,0.1590168561859088,0.16993671428571427,0.17473976816969858,0.18002814285714286,0.1630415714285714,0.24590822172357316,0.15452785714285713,0.1720084111351826,0.22377729793326334,0.1391137142857143,0.15632307142857144,0.143324,0.1235235,0.840883483515406,0.4221992973034362
2015-05-27,0.15874290547755682,0.1687,0.16945390727274484,0.170175,0.159378,0.24161112313038507,0.151713,0.1729029903266946,0.21915553670430546,0.13936549999999998,0.147314,0.1329085,0.111509,0.6972585174694357,0.43442971792559054
2015-05-28,0.16109614888849624,0.17493974999999998,0.1616887812097392,0.17364266666666664,0.15602683333333334,0.24549750116923982,0.15280874999999997,0.17568833309785978,0.22323087436833194,0.13578783333333333,0.14709816666666667,0.13332816666666666,0.11453725000000001,0.7354971371341572,0.4412650177171746
2015-05-29,0.16569753018355032,0.17285533333333336,0.16814296791824854,0.17020949999999999,0.15992383333333335,0.24518740407594353,0.16044966666666668,0.17811834589175335,0.23162574266013083,0.14160866666666666,0.1514076666666667,0.13507266666666665,0.12250425,0.8110415300017121,0.4491933520124878
2015-06-01,0.18278093054368852,0.17694374999999998,0.1837446578996698,0.17778933333333335,0.16044725,0.27774519119824564,0.16174975,0.20034232802984167,0.2640522585777293,0.14081033333333334,0.15363325000000003,0.13696816666666667,0.12166625,0.6822135187177757,0.41749279116395116
2015-06-02,0.18578517630348673,0.1773225,0.19507151258953878,0.173328,0.1616185,0.2965749342733885,0.1620275,0.20717144736695176,0.2806591063579047,0.1447175,0.156328,0.14134950000000002,0.12338650000000001,0.660764704823742,0.4121806790011761
2015-06-03,0.1903671367396924,0.174722875,0.1937246760171991,0.168662625,0.15571881249999997,0.2801895282513584,0.150284375,0.2107718559663505,0.2726672435772218,0.14336687500000003,0.14851956249999998,0.13495312500000003,0.118732875,0.6269289992912264,0.4192920209369215
2015-06-04,0.20739583313557677,0.18198249999999996,0.21791828914641376,0.189871375,0.169068375,0.3090827380176706,0.16337612499999998,0.24105694434718114,0.302409064216832,0.1610765,0.164616875,0.15312275,0.13295500000000002,0.6468330257672695,0.45219886241037976
2015-06-05,0.20890385334056366,0.17260037499999997,0.22495496979038465,0.1912823125,0.173363,0.3023092011226136,0.1528659375,0.23960005821010502,0.29874033455584087,0.1560306875,0.1614033125,0.1478989375,0.1263515625,0.5843147125835665,0.46714741093437395
2015-06-08,0.16626167857142857,0.174115625,0.16387866071428572,0.19510062500000003,0.172166875,0.20831039285714287,0.15378775,0.17385692857142857,0.21753367857142855,0.16028875,0.16864474999999998,0.156991625,0.13636874999999998,0.9924497576948779,0.46872274865421587
2015-06-09,0.16590757142857143,0.182113875,0.16572571428571428,0.1941435625,0.168537625,0.20392921428571428,0.1507338125,0.17313735714285716,0.21813007142857144,0.1581731875,0.167829125,0.1558068125,0.130761125,0.9107101235784717,0.47748878015720797
2015-06-10,0.1434155,0.16845100000000002,0.171743875,0.179166,0.16206,0.19607899999999998,0.1410945,0.16707025,0.21256599999999998,0.1437795,0.1605155,0.1440615,0.117146,0.8280611044542406,0.49790242632197446
2015-06-11,0.14311939285714284,0.16601514285714286,0.16811692857142857,0.17746742857142858,0.15422628571428573,0.19153303571428568,0.14671014285714284,0.16421660714285716,0.20283142857142858,0.1407685714285714,0.15407171428571428,0.13958585714285715,0.1114717142857143,0.770433737591883,0.5052086949883381
2015-06-12,0.14226158928571428,0.16399492857142858,0.1718169107142857,0.17944464285714284,0.16356264285714284,0.19249635714285712,0.15348464285714286,0.1681889642857143,0.2066073571428571,0.14989285714285713,0.1553814285714286,0.147807,0.121837,0.8951718463349869,0.5020383205508281
2015-06-15,0.166419,0.16967385714285713,0.1753272857142857,0.1834398571428571,0.16397692857142857,0.214919,0.18403964285714286,0.17752510714285716,0.22462535714285714,0.17063664285714286,0.17593935714285713,0.16380564285714286,0.13802778571428573,0.9487153303289094,0.5003387946625035
2015-06-16,0.16406435714285714,0.16999521428571426,0.18157216071428572,0.17738735714285717,0.15824435714285712,0.20575160714285715,0.18217785714285717,0.1767932142857143,0.209260625,0.16299707142857142,0.16869435714285716,0.1637097857142857,0.13339714285714285,0.9212136147513882,0.5020682596578616
2015-06-17,0.160081,0.160941,0.192654,0.1846195,0.15277000000000002,0.2009505,0.1859715,0.17441099999999998,0.205534,0.1608935,0.1662285,0.163906,0.1295135,0.874206619071547,0.4856507959638869
2015-06-18,0.14294358429355844,0.15890407142857144,0.19410144145123776,0.18062014285714284,0.14734514285714287,0.1903803984592427,0.1746652142857143,0.16996424539697189,0.19224066568142634,0.1399892857142857,0.1604777142857143,0.1546257857142857,0.11638192857142858,0.7887140948207189,0.4928675997839033
2015-06-19,0.1456724945443913,0.15668357142857145,0.1853053748468804,0.178158,0.1414102857142857,0.1861541554848715,0.16616614285714285,0.16586053499934172,0.18105733126356888,0.13514135714285713,0.15381314285714284,0.148507,0.12141614285714286,0.9239776434999235,0.501339961201339
2015-06-22,0.14809925004637936,0.17529607142857143,0.19461623141017814,0.18226092857142856,0.1381720714285714,0.1843256199997711,0.14551385714285714,0.1711331744797016,0.18508914524493328,0.14323714285714284,0.15130207142857147,0.1425137142857143,0.10840957142857142,0.7063184230454642,0.47267188035327773
2015-06-23,0.147614586551643,0.18289464285714288,0.1930207419197481,0.19059914285714288,0.150873,0.17997328527103684,0.1468924285714286,0.17479566986913608,0.18254644049614469,0.15179907142857144,0.1514647857142857,0.14296064285714286,0.10417285714285715,0.6235966761798533,0.4889480300890561
2015-06-24,0.17794527565225363,0.1909305,0.20281293605513517,0.19333650000000002,0.1778895,0.1809786414109591,0.152713,0.18103231919358684,0.20292200474111274,0.1744115,0.1647115,0.149298,0.1144925,0.6181681230057893,0.5364084358908209
2015-06-25,0.1746210110454144,0.20519900000000005,0.20491357271115546,0.19551485714285713,0.17447021428571427,0.17858142979910008,0.164644,0.1880016562729266,0.21215478064027388,0.18090664285714286,0.16999578571428575,0.15751142857142855,0.12338700000000001,0.7019632505781722,0.588536773734874
2015-06-26,0.17975819954376016,0.21568857142857148,0.19228539059819394,0.20006828571428573,0.17885692857142857,0.19158020571868664,0.16707871428571433,0.19631032294012749,0.2153574860584804,0.17126571428571427,0.1612025,0.15111592857142858,0.12340971428571428,0.6953713106395423,0.5830378368962978
2015-06-29,0.2563979524911747,0.24580114285714288,0.2634461366840478,0.24717571428571428,0.23022942857142858,0.27029550773181565,0.19724942857142855,0.29175118997258037,0.30400660027442944,0.20101785714285714,0.19257742857142857,0.18217042857142857,0.16459992857142858,0.7123984320173541,0.6765713888563337
2015-06-30,0.2521199452676537,0.2336888571428572,0.2564353252011692,0.24167792857142853,0.22978628571428575,0.26808891007626995,0.19235742857142862,0.3044903387166245,0.30501705816979946,0.19471285714285713,0.19005357142857146,0.1786846428571429,0.15681892857142857,0.6532167134801014,0.6735673418501188
2015-07-01,0.24661550478268546,0.2423965,0.2514909201976783,0.23275200000000001,0.21787628571428572,0.2616682899693212,0.1895725,0.25509972719844043,0.2929528331476225,0.1886735,0.1877435,0.171467,0.14352199999999998,0.577687616754962,0.689196323857114
2015-07-02,0.2590379626859739,0.24028849999999996,0.254796736212417,0.23124057142857143,0.21787628571428572,0.2787605850268291,0.1814125,0.27373517713293627,0.32860949178013715,0.19147814285714287,0.18834785714285715,0.174277,0.14969371428571426,0.5887897753249689,0.6923014913417974
2015-07-06,0.3106559179553511,0.24582335714285714,0.3348372108516452,0.24018250000000002,0.22020178571428572,0.35395104277800393,0.1914735714285714,0.42129947345925495,0.40124679468218466,0.19411799999999999,0.19489242857142858,0.18939385714285714,0.15414992857142856,0.41670707183710887,0.6978539913552073
2015-07-07,0.33356613875024843,0.2544632142857143,0.3151457784117534,0.23968150000000002,0.23705785714285715,0.363321905598878,0.19140885714285716,0.35908963945058336,0.42423986455188295,0.18880014285714286,0.18523035714285713,0.20095521428571428,0.1446402142857143,0.33370046609671383,0.684208005909222
2015-07-08,0.3641798156142558,0.25910649999999996,0.40123050801669274,0.2640415,0.2387905,0.40432970482124286,0.2067695,0.5029909691046485,0.5135373669494103,0.21264349999999999,0.199987,0.22107300000000002,0.1746295,0.3877990689596302,0.7119446702270965
2015-07-09,0.407835797059843,0.2652207142857143,0.41158387669313523,0.25622357142857144,0.23209878571428572,0.42722201519928427,0.204634,0.5456229890761912,0.5369339509389749,0.21632407142857144,0.19962978571428572,0.204337,0.1728367142857143,0.3262391989737029,0.7086770899915186
2015-07-10,0.3218607232212405,0.2502316428571429,0.381333333387602,0.2389305,0.22058271428571427,0.4034192266471337,0.1857505,0.583758199663427,0.4783510305066622,0.1876437857142857,0.1863895,0.19589235714285716,0.14765085714285714,0.2868551129084502,0.727776092222111
2015-07-13,0.1696811142857143,0.22823264285714284,0.19305325714285718,0.22787692857142858,0.2090762857142857,0.20390801428571428,0.17075985714285716,0.1913064714285714,0.24170648571428568,0.16999171428571427,0.181414,0.17277114285714285,0.12102342857142857,0.6023390289777216,0.7181749905564597
2015-07-14,0.16103487142857142,0.2280491428571428,0.17806468571428571,0.2209276428571428,0.21084085714285714,0.2050520857142857,0.1685,0.19942687142857143,0.23240355714285715,0.16095957142857145,0.16965035714285717,0.1508559285714286,0.11277057142857141,0.5600558695363504,0.7178388666174739
2015-07-15,0.1587162,0.2145595,0.1782601,0.23466,0.2167375,0.2384008,0.1623945,0.2095803,0.2292702,0.17108299999999999,0.16878100000000001,0.1379635,0.117167,0.6117416973555583,0.7057603931433905
2015-07-16,0.15857261428571431,0.21976078571428573,0.1853678285714286,0.22361257142857144,0.22223785714285715,0.2253190142857143,0.15959857142857142,0.23989128571428572,0.21235155714285717,0.15296642857142856,0.1615284285714286,0.13246442857142857,0.10047300000000002,0.43043888166529737,0.7055010986000904
2015-07-17,0.14311234520274121,0.22419542857142855,0.1493806101882513,0.24090399999999998,0.21579542857142858,0.19247012927186538,0.1368945714285714,0.13397172335768684,0.2070457780126346,0.15237307142857143,0.15910500000000002,0.1363055,0.0987855,0.5264868509919268,0.6708399403036369
2015-07-20,0.1525398697049705,0.2237385714285714,0.1613339625154527,0.2469387142857143,0.22081992857142857,0.20778894538445583,0.13366307142857142,0.13884500059278104,0.22102244535552826,0.15484307142857143,0.162766,0.1317797142857143,0.10161121428571429,0.5195071803929282,0.6792535968925623
2015-07-21,0.15364671285100556,0.22671221428571428,0.16853855010415178,0.2576476428571429,0.2195362857142857,0.2171431144457721,0.13538378571428572,0.14276016793345087,0.22565835709759094,0.17486321428571427,0.17999842857142861,0.1334005,0.1041477142857143,0.5123618934431206,0.6564645689602878
2015-07-22,0.1588,0.236236,0.172623,0.27108350000000003,0.21945399999999998,0.218756,0.1420755,0.1448915,0.22718900000000003,0.180707,0.1678135,0.1299745,0.101665,0.46376509881331457,0.6487074453804019
2015-07-23,0.1804418521707965,0.21316214285714283,0.14669615723847196,0.2521907857142857,0.22762721428571428,0.22899645402219962,0.14389264285714284,0.1504767003029098,0.2662999481580226,0.16566078571428575,0.16461607142857143,0.13094292857142856,0.11175192857142857,0.543606216056093,0.6054776732381363
2015-07-24,0.18588658256423649,0.2245765714285714,0.1571610510091025,0.28822528571428574,0.25254385714285715,0.2554389803559117,0.16662492857142858,0.1571004977562702,0.2744734037120316,0.16565242857142856,0.1686762857142857,0.13741257142857144,0.12388914285714285,0.6059169313618221,0.6201777060491375
2015-07-27,0.2047896301932791,0.22671828571428573,0.1676326796146861,0.31001542857142855,0.25891314285714284,0.2924707003663786,0.1554345,0.19853628175424262,0.3073517745312364,0.17487064285714288,0.17623992857142853,0.14575607142857144,0.1392940714285714,0.6722442263137111,0.6151216873857567
2015-07-28,0.20854352581955166,0.22025750000000002,0.16632656240435562,0.282546,0.2158052142857143,0.28477555530847454,0.15154700000000002,0.1757923971701066,0.30538371680610693,0.15879285714285715,0.16554264285714285,0.14075385714285718,0.11416135714285715,0.4556075564610744,0.6116928023032335
2015-07-29,0.1883285003492683,0.21730349999999998,0.17189339118110136,0.26940149999999996,0.201592,0.2848417245541049,0.1449595,0.17375384028536764,0.2936031949674743,0.150822,0.16404449999999998,0.134007,0.10357,0.4022296910820642,0.6066458372396984
2015-07-30,0.17848976154842502,0.2162347857142857,0.171515384132418,0.2584287142857143,0.19459278571428573,0.29578892221154623,0.14772564285714287,0.1761291581249913,0.2964948261291647,0.1498902857142857,0.1593232142857143,0.12456485714285713,0.10039733333333334,0.3908571380031665,0.5726214887181208
2015-07-31,0.1772996142943593,0.2039742142857143,0.17956038920891532,0.2669813571428571,0.18727242857142853,0.3090430901439382,0.14357050000000002,0.17585338767706465,0.3168879731213045,0.1451005714285714,0.1646944285714286,0.12011049999999998,0.10152266666666666,0.396075142911077,0.5560908413394211
2015-08-03,0.20231044906693937,0.21972199999999997,0.1921283758497601,0.283472,0.19873135714285714,0.365661913157154,0.14814964285714288,0.20402811718098238,0.3630444219123422,0.15003185714285716,0.1727584285714286,0.1228747142857143,0.10552624999999999,0.33855469828797674,0.5526969252811672
2015-08-04,0.21196173828283812,0.22453685714285715,0.19914976913745094,0.2693029285714286,0.1988222857142857,0.29715944009784495,0.14656107142857142,0.2071136609956702,0.38596513695654217,0.150882,0.1696052857142857,0.11948578571428571,0.1085515,0.35373368595280424,0.5351977929373645
2015-08-05,0.20024668237069188,0.2238235,0.20116685626730052,0.27107499999999995,0.202349,0.2855010677527647,0.14531300000000003,0.20986195186769505,0.40688597164066587,0.150822,0.16303099999999998,0.123362,0.107714,0.35059245092645686,0.5449623167517537
2015-08-06,0.23850711729422247,0.23189528571428572,0.22426669382790662,0.28177385714285713,0.2062065,0.3106369587227186,0.15620128571428574,0.23193597397665588,0.3127434298238733,0.15824342857142856,0.16942307142857144,0.12642942857142855,0.12017171428571428,0.4237771238099886,0.5181827850218439
2015-08-07,0.24096509843714176,0.23631200000000002,0.24290909138245523,0.3079166428571428,0.21875414285714287,0.3207032096725658,0.1605125714285714,0.23819110247978562,0.3331752126048481,0.15933914285714287,0.1658239285714286,0.12420721428571427,0.11960128571428573,0.38504390494200286,0.5189915888561083
2015-08-10,0.15128767857142858,0.22280850000000002,0.16035010714285716,0.25734928571428567,0.20265485714285716,0.20941716071428568,0.15520114285714287,0.16448821428571428,0.19876298214285715,0.14472028571428572,0.1610462142857143,0.11810557142857141,0.10443900000000002,0.569154370875804,0.5520237217555873
2015-08-11,0.1577245,0.253102,0.17962585714285714,0.2657185,0.1944107142857143,0.2302475,0.1747305714285714,0.17917328571428573,0.21062285714285717,0.15908799999999998,0.16802478571428572,0.1324935,0.12021885714285714,0.6775474325455606,0.5195366908352074
2015-08-12,0.160276625,0.2444425,0.181841875,0.2848345,0.21902100000000002,0.23300375,0.165896,0.184325375,0.22741937499999998,0.162398,0.1720985,0.1510825,0.1215445,0.6396161054144264,0.5129195954174383
2015-08-13,0.15986578571428572,0.2261679285714286,0.17952825,0.27073764285714286,0.21088664285714284,0.22798989285714283,0.15314907142857143,0.17514317857142858,0.21037732142857143,0.1644492142857143,0.16599350000000004,0.13400992857142857,0.11934264285714284,0.6766976273139044,0.499248637256453
2015-08-14,0.15983392857142856,0.22331414285714285,0.17231117857142858,0.2580842142857143,0.20599649999999997,0.21323416071428575,0.14906664285714286,0.16956066071428572,0.2072836428571429,0.1579782857142857,0.16145778571428573,0.12862764285714287,0.11450292857142859,0.6513927568807092,0.511349605979723
2015-08-17,0.15710957142857146,0.22834214285714285,0.17767967857142858,0.2539912857142857,0.20596271428571433,0.21454917857142855,0.14438599999999996,0.16981153571428573,0.2149475,0.14585714285714285,0.15936507142857143,0.12258814285714285,0.11530821428571428,0.6762057029622126,0.50855699502969
2015-08-18,0.1575525,0.2173080714285714,0.17041878571428573,0.2671732142857143,0.2069291428571429,0.21714660714285716,0.14125864285714287,0.16996532142857146,0.2107946607142857,0.14765249999999996,0.15948249999999997,0.1259752857142857,0.12134257142857142,0.7653896806775111,0.5151556567464575
2015-08-19,0.156748,0.2297025,0.1785765,0.28309,0.22127800000000009,0.2184235,0.14465250000000002,0.1754355,0.22109499999999999,0.17317,0.16087650000000003,0.131297,0.133201,0.8644240080786619,0.49078104909695
2015-08-20,0.1883182378288559,0.24748157142857144,0.19617580722468975,0.30619685714285716,0.23450657142857143,0.2535882916556432,0.18844992857142853,0.19679521823524732,0.2623617553289929,0.19177964285714286,0.1967772142857143,0.1891469285714286,0.17119785714285715,1.0547439520088822,0.5336661207445117
2015-08-21,0.24047352857045406,0.2918705,0.23517278997636576,0.3642876428571428,0.2655861428571428,0.30267207021260767,0.22714521428571427,0.26551669778454745,0.3258365359413915,0.2553705,0.22888428571428568,0.23360114285714287,0.23230678571428573,1.3018324498253473,0.5657907204454012
2015-08-24,0.3553656816446968,0.3941191428571429,0.32726039405143426,0.5059513571428571,0.35362421428571433,0.44483890002595317,0.3268984285714286,0.4231573025871112,0.5136624302667073,0.3309375,0.3183711428571429,0.37427335714285714,0.3286337857142857,1.221103667794134,0.6390316486481844
2015-08-25,0.34026693627209803,0.3665025714285714,0.36897581303521776,0.4946102857142857,0.34905714285714284,0.4332180460287868,0.3177491428571429,0.3959673895916178,0.4553640632779447,0.3147437142857143,0.3180453571428572,0.33786835714285723,0.31182242857142856,1.1924864362991356,0.6439125232605782
2015-08-26,0.3250235421326197,0.320218,0.2766221713291789,0.44620950000000004,0.3114475,0.39600955445654284,0.271724,0.34094585716461995,0.43802384016752877,0.273085,0.27657200000000004,0.271307,0.2488725,0.9447375958455005,0.7300713862712671
2015-08-27,0.3054549597269918,0.29225778571428573,0.2710682721139053,0.4054889285714286,0.2869106428571429,0.34419326181320525,0.24511292857142858,0.3089547017304699,0.38768663545035725,0.23694264285714284,0.2617433571428571,0.24189135714285714,0.22093990000000002,0.8826961081169606,0.7255315301634847
2015-08-28,0.3200170816205419,0.28189435714285715,0.2702214672984524,0.3990188571428571,0.2803231428571428,0.3511049777493295,0.23819464285714287,0.31630529917425393,0.4212176855871896,0.2328067857142857,0.24241685714285713,0.2627852142857143,0.22169470000000002,0.8510614470633275,0.7326723159611309
2015-08-31,0.34817410235457874,0.2763764285714286,0.2926555315839198,0.4006012142857142,0.2872468571428572,0.38298964064808594,0.23318100000000003,0.3407747676716495,0.4601936906713846,0.23909421428571428,0.25839292857142854,0.25450707142857143,0.23024250000000002,0.8284441642017805,0.7327233623983261
2015-09-01,0.4136846614702258,0.32241371428571425,0.3677657510586932,0.4779285714285715,0.32370228571428566,0.4542965246801593,0.3099255714285714,0.4482276272732745,0.5456866671785839,0.2812510714285715,0.2961239285714286,0.33469571428571426,0.27198975000000003,0.7759323887523332,0.7756217243392071
2015-09-02,0.35784083988206267,0.293468,0.294884924469222,0.438442,0.2898545,0.3922617793552779,0.258293,0.36903355034468077,0.4895838619855834,0.23691,0.2596435,0.2955965,0.223599,0.6864073385333562,0.7900313334583979
2015-09-03,0.34950025452351247,0.29459371428571435,0.2967755444911187,0.4197754285714286,0.27608028571428567,0.4158544477632769,0.24015650000000002,0.38665376612739716,0.4632666645486162,0.225975,0.23394021428571432,0.2547798571428571,0.2195042142857143,0.7183881744776528,0.8025197696514944
2015-09-04,0.42288653463576975,0.31470385714285715,0.3586601110848443,0.42894657142857145,0.30963678571428577,0.4429046848821264,0.25559407142857143,0.404293442470936,0.5362002439059697,0.2395324285714286,0.25478142857142855,0.28252921428571437,0.24002957142857143,0.6638682517044641,0.8061727233242691
2015-09-08,0.24901592857142857,0.29110492857142856,0.23229307142857142,0.3838805,0.27855307142857144,0.2785151428571429,0.23447592857142857,0.25317571428571434,0.31213642857142865,0.21725250000000002,0.22642364285714286,0.24743964285714287,0.20829250000000002,1.0275417422599498,0.8205155250135459
2015-09-09,0.245319625,0.292077,0.23257637499999997,0.371805,0.282681,0.278837,0.2401105,0.261726125,0.334644,0.230319,0.2315595,0.263206,0.226932,1.189757997452431,0.8301667742556951
2015-09-10,0.24825278571428575,0.28997342857142855,0.2492606071428571,0.36480821428571425,0.28813142857142854,0.2842111428571429,0.24311999999999998,0.25850607142857146,0.3071096071428571,0.2291812142857143,0.2357420714285714,0.25639607142857146,0.21409828571428569,1.0524390788978695,0.8338127388236464
2015-09-11,0.2459967857142857,0.28288228571428575,0.23186246428571428,0.35836757142857145,0.2840306428571429,0.2785008392857143,0.23186571428571429,0.2527390535714286,0.2989824642857143,0.22397700000000004,0.2270432857142857,0.2511577857142857,0.20414214285714286,1.0022199209694669,0.8479824919511053
2015-09-14,0.25078021428571423,0.2712714285714286,0.2409111428571429,0.3732084285714286,0.291527,0.28421214285714286,0.23643235714285712,0.2585877142857143,0.3224852142857143,0.23085414285714284,0.24400164285714285,0.2567253571428572,0.21024135714285716,1.0005306340666698,0.8492878734254055
2015-09-15,0.2156797142857143,0.24613335714285714,0.22968373214285712,0.3457845714285714,0.2789487857142857,0.2712425357142857,0.2381937857142857,0.24541583928571428,0.28413298214285715,0.19486249999999997,0.2048387857142857,0.24951471428571423,0.19579192857142855,1.0439040333971654,0.8564674828060161
2015-09-16,0.20609900000000003,0.239074,0.2134295,0.3200275,0.2656535,0.248627,0.218776,0.235805,0.271482,0.182859,0.1944835,0.2514345,0.184433,1.0208921688622645,0.8610078210322445
2015-09-17,0.2026775886450338,0.2109237857142857,0.22040454185194444,0.30518542857142855,0.24142,0.24312187292962842,0.2215805,0.23057193457286254,0.27729576496448943,0.1785987142857143,0.18976500000000002,0.24339857142857144,0.18039135714285712,1.0211982924255538,0.8588998524895198
2015-09-18,0.21304031729157846,0.24308814285714284,0.23714206456633902,0.3253367142857143,0.2475960714285714,0.2675553239632346,0.2328592857142857,0.2492113111992368,0.3012203447921412,0.20575507142857144,0.22040957142857143,0.258333,0.19803171428571428,1.065032505155303,0.8627238945390531
2015-09-21,0.2164752909576518,0.25680028571428576,0.2296540434137836,0.3258262142857143,0.23508621428571427,0.2762827601793134,0.22118878571428574,0.25047188237943996,0.28676124042694473,0.20007985714285711,0.20495685714285714,0.23008392857142854,0.17999985714285716,0.9136088235301952,0.8622775181734303
2015-09-22,0.23449309469843674,0.2863452142857143,0.2554249270358122,0.34591442857142857,0.24882314285714285,0.2999003191082831,0.23556892857142858,0.2852037623261657,0.33118682323246573,0.22283450000000002,0.24240785714285712,0.2531750714285714,0.19556014285714282,0.8818657618636105,0.853271207443559
2015-09-23,0.23708163194099274,0.3004885,0.25911693274990233,0.3505065,0.24335,0.3104140486140351,0.23809000000000002,0.28751933224284176,0.3376383920903688,0.22427149999999998,0.2322155,0.24098,0.18939450000000002,0.8137183394216327,0.8476990183523114
2015-09-24,0.24721409134111597,0.35380635714285713,0.26835325704614194,0.3569299999999999,0.25089185714285717,0.3244378779814264,0.24410492857142857,0.3202801097453957,0.36126340816183494,0.22754735714285715,0.24691085714285713,0.2580649285714286,0.20316835714285714,0.8439978377160008,0.8350868848028535
2015-09-25,0.2583827279229952,0.3468011428571428,0.2806109919850916,0.3596562142857143,0.2440952857142857,0.32996556695033674,0.23812671428571425,0.33324527425435024,0.34110270713211455,0.22082785714285716,0.237816,0.2397291428571429,0.20160814285714293,0.8386685161453175,0.8352740079714291
2015-09-28,0.35417270806062967,0.40099835714285714,0.35342844976093346,0.4185647142857142,0.28442964285714284,0.4149553086960089,0.28400014285714287,0.40491847235431233,0.4484262762711577,0.2606556428571429,0.26864442857142856,0.27684764285714286,0.2420027857142857,0.7743175827054752,0.8353745949767749
2015-09-29,0.3197167154437153,0.3920828571428571,0.34914392686044166,0.4125100714285714,0.2875090714285714,0.41872203893917787,0.2782543571428571,0.4069900771467068,0.4444529152273811,0.252551,0.26402642857142855,0.2737549285714286,0.23288314285714287,0.7629179144595584,0.8391547973377878
2015-09-30,0.3078180233583127,0.3781565,0.3246447449780683,0.37803299999999995,0.279126,0.4036304456894945,0.262847,0.37148940136189446,0.43910917435189173,0.24337749999999997,0.265788,0.25360499999999997,0.2118025,0.6806126880670885,0.8409803450951291
2015-10-01,0.322203104342587,0.3761468571428571,0.3273812473012161,0.3735233571428571,0.2732607142857143,0.421567163448483,0.2618610714285714,0.3759771608382615,0.41636002911182524,0.24167007142857141,0.2671749285714286,0.2522907142857143,0.20269371428571428,0.6056485944197917,0.8350329951593332
2015-10-02,0.29342875443380023,0.3611207142857143,0.3090429116259585,0.3777492142857143,0.2664545,0.4076837193243592,0.23732228571428574,0.35301404121280056,0.4366913730926814,0.22342635714285713,0.2437147857142857,0.25041549999999996,0.1885164285714286,0.5710845368820661,0.8250768822543209
2015-10-05,0.3347670244116184,0.3313361428571429,0.35529201664392784,0.34382835714285714,0.26622607142857146,0.44697780183517954,0.2149050714285714,0.4141619253699408,0.47994973991412515,0.20591500000000004,0.22402064285714288,0.2266842857142857,0.17128428571428575,0.3984548168042401,0.8276760955645133
2015-10-06,0.3537402005314069,0.3389157857142857,0.35886187476938813,0.35388428571428576,0.30210107142857145,0.46718519830014943,0.22200685714285712,0.45942387863143336,0.4675428667919125,0.21286107142857144,0.22315357142857142,0.23062628571428576,0.17031335714285717,0.3529259444433208,0.7756538002779281
2015-10-07,0.3734217209012263,0.332604,0.40322147951322396,0.337447,0.28699850000000005,0.5051024395638308,0.2168835,0.5035140441470658,0.497468099983138,0.210989,0.21600050000000004,0.2283,0.16169699999999998,0.2721384920813872,0.7775970413798249
2015-10-08,0.36568127807388495,0.3182096428571429,0.4518977603438083,0.3229022857142857,0.28032392857142857,0.4888576404166657,0.21158792857142858,0.5414324210955949,0.5191298464964593,0.2092177857142857,0.2104943571428571,0.22218707142857141,0.15173842857142855,0.21711897501583866,0.7658057748515584
2015-10-09,0.377280923390364,0.31339042857142857,0.4461863847201558,0.32693678571428564,0.26355199999999995,0.5051662880771467,0.2060984285714286,0.5915369636811139,0.5239957619621419,0.19997250000000003,0.20733171428571429,0.22231700000000001,0.1452267857142857,0.17711390551773068,0.7780076214652422
2015-10-12,0.1900908,0.2974509285714286,0.22429392857142857,0.32316435714285713,0.2641001428571429,0.2666881142857143,0.20333985714285716,0.2434899428571429,0.26930398571428577,0.1934192142857143,0.19304921428571428,0.20823935714285713,0.1406387857142857,0.5726896466996825,0.7529268033964492
2015-10-13,0.18876674285714287,0.2978405714285714,0.22204805714285714,0.3158187857142858,0.24696921428571428,0.27980154285714287,0.20515735714285713,0.25214087142857144,0.27746965714285715,0.19434878571428577,0.19508035714285712,0.20733721428571425,0.149751,0.6642177339231347,0.7589574366532664
2015-10-14,0.1904052,0.29149349999999996,0.2517439,0.307934,0.241806,0.27829180000000003,0.2090535,0.28498720000000005,0.2818681,0.20195999999999997,0.21286899999999997,0.20330399999999998,0.1543045,0.6694511256992902,0.7268706060598191
2015-10-15,0.19200759999999997,0.28461000000000003,0.24321669999999998,0.3011635,0.23060157142857143,0.3134409714285714,0.20649064285714283,0.2909002142857143,0.2744212714285714,0.18839342857142857,0.20290257142857143,0.18384735714285713,0.13753850000000004,0.5348316095797463,0.7177042829534609
2015-10-16,0.15900173266508766,0.2889501428571429,0.1969210094015219,0.28611435714285716,0.22633985714285712,0.25943099380801493,0.18057214285714288,0.16114963529655996,0.2290261359113846,0.1908080714285714,0.19854707142857145,0.1717667142857143,0.12810314285714283,0.6395440612432788,0.6951888044987585
2015-10-19,0.16279504548280946,0.28096242857142856,0.21173164243089504,0.2844940714285714,0.22719714285714282,0.26894141592939785,0.18911057142857143,0.16356867390621438,0.23728510242625325,0.20270414285714283,0.20962507142857145,0.17054771428571433,0.12527542857142857,0.569965102861907,0.6769921796753501
2015-10-20,0.16564291508270668,0.30535128571428566,0.21948342894076714,0.28964249999999997,0.2261592857142857,0.26908796372549904,0.19165135714285714,0.1768088418063053,0.24691498408702042,0.19337357142857145,0.18183714285714284,0.16429535714285712,0.13203242857142858,0.6348885715999852,0.6333396448741844
2015-10-21,0.1786485,0.3123455,0.2306445,0.266532,0.223669,0.27805650000000004,0.19721699999999998,0.17248000000000002,0.2533945,0.19709899999999997,0.17531449999999998,0.164966,0.1431775,0.7313342424187189,0.6206230752082913
2015-10-22,0.17324234340522668,0.25514185714285714,0.18262047020793024,0.23152842857142858,0.2425322142857143,0.27308397351174885,0.19946307142857142,0.16441802496910543,0.2756673954605441,0.16357614285714286,0.16756764285714285,0.15797292857142858,0.12668678571428574,0.6151457941657391,0.6488227489024191
2015-10-23,0.18022200690398496,0.2465509285714286,0.18781704096649673,0.2286762142857143,0.22020621428571424,0.28141684337013434,0.19715192857142855,0.16685060656060816,0.2811068314175998,0.15981285714285715,0.16268135714285714,0.15335264285714287,0.12096878571428571,0.5528424769166204,0.6487519506315407
2015-10-26,0.20525738525738846,0.24570700000000004,0.20565229322134973,0.2291786428571429,0.21912128571428569,0.3245338311601735,0.19591742857142855,0.18463179690941647,0.3037389965419323,0.1583855,0.16963942857142858,0.15841242857142854,0.13047314285714287,0.5700325629232043,0.652467376342153
2015-10-27,0.21756494207477453,0.2600642142857143,0.2145071191155436,0.22060335714285714,0.19842164285714287,0.3483525580787372,0.19339364285714286,0.21788078667659644,0.3266995938186181,0.15406242857142857,0.17413164285714283,0.15946585714285716,0.13303464285714287,0.5489376943996652,0.647499825901093
2015-10-28,0.20363751816273512,0.2496235,0.2155636935901757,0.25105,0.2100975,0.4040292435972168,0.189631,0.18840330662080265,0.33768978571203356,0.1614985,0.168565,0.149761,0.120075,0.4346874964814276,0.5582568444861545
2015-10-29,0.21001079454805305,0.24731807142857143,0.21989461714312772,0.2410985714285714,0.2025000714285714,0.41023468961957943,0.18903171428571428,0.19247821982659138,0.35075192079303,0.15251614285714285,0.168777,0.15441764285714288,0.12144700000000001,0.43514290526147786,0.5509162084202001
2015-10-30,0.2110032682346752,0.24222664285714288,0.2208226688746619,0.24607814285714286,0.19833828571428572,0.41721486497452887,0.19760042857142857,0.19083498068076662,0.35810244364267774,0.154378,0.16896314285714284,0.16094564285714283,0.12308283333333332,0.43783430583113603,0.515686195409636
2015-11-02,0.2271904940829758,0.2399862142857143,0.22321035819752333,0.23966614285714288,0.209442,0.46360966198273956,0.19967478571428574,0.2066307619896338,0.39090860059663146,0.15821192857142857,0.17091114285714287,0.15217092857142855,0.11297549999999999,0.30707574051750847,0.5103314937005241
2015-11-03,0.22832922978994738,0.24058714285714286,0.22184652882779388,0.2438182857142857,0.20533428571428572,0.3198894103463958,0.19644892857142857,0.21799808934267936,0.4124970519087165,0.15224842857142853,0.16655142857142854,0.15515892857142854,0.11859175,0.360466710144507,0.49253551026605435
2015-11-04,0.22668730418105687,0.2407985,0.24051456014527478,0.24594149999999998,0.2029415,0.3289936620846593,0.1916955,0.22188035408575216,0.4117997276346841,0.149602,0.16861199999999998,0.160589,0.129015,0.4441664052230231,0.4971437281032775
2015-11-05,0.2445931853598951,0.24604978571428568,0.25239045183603914,0.24118757142857142,0.2645375714285714,0.34628221156233246,0.1985387142857143,0.2284464020115003,0.3830015596025687,0.15268071428571428,0.16810114285714284,0.16803835714285714,0.12642157142857144,0.3770177232386304,0.493681314638199
2015-11-06,0.24041103117072524,0.2422702142857143,0.2440340601915467,0.24236807142857142,0.21005500000000002,0.35003071468979696,0.19659957142857146,0.23291611861048053,0.3653703999864384,0.15044157142857142,0.1628112857142857,0.16047899999999998,0.11819450000000001,0.34542699669260796,0.4956109245418864
2015-11-09,0.17841846428571428,0.2557992142857143,0.18453458928571428,0.25240507142857144,0.21783742857142854,0.25493080357142855,0.23887942857142858,0.16358841071428573,0.25719944642857145,0.1634425,0.173926,0.17432700000000004,0.1359707857142857,0.6934450203360607,0.44670367477644596
2015-11-10,0.17201092857142858,0.25198764285714287,0.1762297142857143,0.2586575,0.22465185714285715,0.2506345,0.23363200000000003,0.1861995,0.22205142857142857,0.15756814285714285,0.17640007142857142,0.1681737857142857,0.13057814285714284,0.6670270773261333,0.4481783162256021
2015-11-11,0.170741625,0.249701,0.17674974999999998,0.2559365,0.2163045,0.25162687499999997,0.2472255,0.16338824999999998,0.23270662500000003,0.14848650000000002,0.169773,0.167317,0.1347605,0.7313049871136025,0.4320939407265683
2015-11-12,0.19035889285714286,0.2898636428571428,0.18179485714285715,0.2661318571428571,0.21986714285714284,0.26334967857142855,0.24785421428571425,0.194907,0.2575317142857143,0.16242428571428572,0.17689028571428572,0.17900200000000005,0.15413175,0.8400371588089839,0.4698757643465768
2015-11-13,0.19171091071428573,0.29045264285714284,0.20518426785714286,0.2800263571428571,0.23619721428571427,0.26827592857142857,0.2556891428571429,0.20085710714285712,0.2646472142857143,0.1819079285714286,0.21157785714285712,0.19328285714285715,0.1706585,0.9406933789743553,0.47463297786166536
2015-11-16,0.17713782142857146,0.2866463571428572,0.18708171428571432,0.2745401428571429,0.2278332142857143,0.26621064285714285,0.26644614285714285,0.18307142857142855,0.25924085714285716,0.17092899999999997,0.18787192857142856,0.18909757142857142,0.15364643749999998,0.8184639106140068,0.4179869755670236
2015-11-17,0.18794689285714286,0.2861184285714286,0.18884826785714287,0.27324157142857136,0.22733350000000002,0.26070974999999996,0.20874514285714288,0.20254042857142854,0.26090958928571434,0.18571871428571426,0.18294914285714287,0.19473271428571426,0.162985,0.9384657076669656,0.4603191660430763
2015-11-18,0.1673405,0.270596,0.173398,0.2691015,0.21701350000000008,0.24699299999999996,0.207333,0.168444,0.24082900000000002,0.1865035,0.1709545,0.188323,0.14200612499999998,0.7999683586084827,0.4618574623965896
2015-11-19,0.15923948447607741,0.26278700000000005,0.1791465813630049,0.28630358333333333,0.21335958333333335,0.24817937908726007,0.19222725,0.1745920288091839,0.24528421744267512,0.1625445,0.1725695833333333,0.1811131666666667,0.1458235,0.8933127180479249,0.4515894438075704
2015-11-20,0.16146550745189026,0.24869483333333334,0.17418841868587506,0.2560846666666667,0.20314166666666666,0.23584405124921606,0.181115,0.17506566452818903,0.23681031554868517,0.15813966666666665,0.1676871666666667,0.17407366666666668,0.13325510000000002,0.7830640884877779,0.4466042260567449
2015-11-23,0.16503866558234162,0.2404996666666667,0.1787602110929611,0.24534166666666668,0.20362574999999997,0.24650472789543,0.1756323333333333,0.18202299436801936,0.2684897636311299,0.1640434166666667,0.162961,0.16556066666666666,0.1329061,0.751154147467815,0.45576737634772757
2015-11-24,0.16837424165475107,0.23063899999999998,0.18347049558784653,0.2547495,0.203126,0.24564492471922256,0.18198999999999999,0.18596482941674752,0.27277681454121067,0.162667,0.161902,0.16758,0.131044,0.706344217928523,0.4449934404330988
2015-11-25,0.17344033919321225,0.22282092857142852,0.180760504039004,0.27908771428571433,0.1987297142857143,0.24930531933384853,0.17982264285714283,0.1883747546087666,0.2776397650381422,0.16101814285714286,0.1595655,0.16299678571428572,0.12658807142857145,0.6420288906804659,0.4464308554762933
2015-11-27,0.1832536456117586,0.22844585714285712,0.18997023278191316,0.272501,0.20175685714285713,0.2567596074715191,0.1802112857142857,0.20157410973563614,0.27225275832001616,0.162223,0.16416242857142857,0.16603142857142858,0.13071385714285713,0.6549525030179562,0.43955126689343504
2015-11-30,0.19351490388770234,0.22241850000000002,0.21342784776222773,0.26374835714285716,0.20115149999999996,0.29143747832153755,0.17625435714285714,0.2262480681353987,0.314399751083977,0.16175635714285713,0.1673601428571429,0.1666477857142857,0.14000857142857143,0.6845134359924837,0.4702250113677171
2015-12-01,0.2091866640389982,0.2294705,0.21799078301987368,0.23548400000000003,0.1894405,0.2945052522858813,0.17312,0.2247258842244061,0.32094816294205886,0.1563215,0.1606655,0.16055550000000002,0.12211749999999999,0.4829900302576718,0.46538134397658004
2015-12-02,0.21082525891570728,0.23510006249999998,0.25725775407501084,0.2600010625,0.1959780625,0.30535053323675193,0.18593456249999998,0.2352591622060127,0.35323106990745984,0.169983625,0.16926193750000001,0.171989,0.1383549375,0.5665059495352391,0.49323668460146863
2015-12-03,0.25764425522025525,0.247221625,0.2771483815657238,0.27015887499999997,0.20401275,0.3261169403764545,0.187544,0.30496101259013425,0.37820808273290507,0.17684137499999997,0.18053550000000002,0.19486074999999997,0.15870737499999998,0.6052504260288155,0.5207566894573652
2015-12-04,0.22579302397802917,0.2292438125,0.24470157584144347,0.244423375,0.19219237500000003,0.3233688807218248,0.169358875,0.24923292385516177,0.3557067934890838,0.16031768749999997,0.16253562500000002,0.1672679375,0.127547,0.4610518989535198,0.47172804733607226
2015-12-07,0.16252478571428572,0.255129375,0.17662792857142856,0.291808625,0.228667,0.2231500357142857,0.16966725000000002,0.17502542857142858,0.25752989285714284,0.165601,0.164093875,0.17015825,0.1397425,0.8270239744117703,0.4716713613709663
2015-12-08,0.15957192857142857,0.27713275000000004,0.19537114285714288,0.31364800000000004,0.23495506249999998,0.24308735714285717,0.1741080625,0.18206228571428573,0.2671807857142857,0.1715765,0.18074149999999997,0.1901795,0.14939356250000002,0.8659007947239168,0.4898063982231285
2015-12-09,0.183938875,0.279062,0.2036665,0.391173,0.3554555,0.250471875,0.184956,0.21843587499999997,0.28648312500000006,0.18759350000000002,0.19526800000000005,0.2011705,0.1649985,0.8105606027096625,0.39915950615598506
2015-12-10,0.18235525,0.274129,0.2023317857142857,0.32052542857142857,0.32185150000000007,0.24117714285714284,0.18189228571428573,0.21172125000000003,0.26838142857142855,0.17555171428571428,0.1901865,0.1906385,0.1662408571428571,0.924143354063761,0.45118500457764227
2015-12-11,0.2278360892857143,0.3017550714285715,0.24994862499999998,0.31588142857142854,0.3059335,0.2860788571428571,0.22229314285714286,0.25767085714285715,0.3341652142857142,0.2157672142857143,0.21320042857142857,0.23774571428571428,0.20583285714285715,1.0399725890097276,0.5349039096416768
2015-12-14,0.21706132142857146,0.31130071428571426,0.25454485714285713,0.3639084285714285,0.34650035714285715,0.27996753571428573,0.22052242857142854,0.23718335714285713,0.3404428571428571,0.20409692857142853,0.20527271428571428,0.24405450000000004,0.19112935714285714,0.8702497027734839,0.5133765110817162
2015-12-15,0.20493258928571428,0.27401621428571427,0.24924355357142858,0.348652,0.33524728571428575,0.27014551785714286,0.21454007142857143,0.24805378571428569,0.29910805357142856,0.2038364285714286,0.19042071428571425,0.2120243571428571,0.178393,0.848291924245539,0.4463046763215603
2015-12-16,0.18746999999999997,0.2608155,0.1991145,0.34828749999999997,0.358476,0.239562,0.1898865,0.188542,0.25168100000000004,0.18361349999999999,0.180148,0.1955685,0.15465,0.7654009047791898,0.4352663186652372
2015-12-17,0.19026343250486805,0.2717059285714286,0.2158479551076126,0.3339561428571428,0.33993714285714294,0.24873318745384237,0.1800059285714286,0.22065525583240822,0.2613731387407138,0.1743714285714286,0.16384621428571428,0.1939402857142857,0.1659557857142857,0.8899199117595631,0.462726907211837
2015-12-18,0.2058810596297914,0.2749025714285714,0.23597292099242326,0.3252772142857143,0.3382707142857143,0.2540436677949215,0.1952803571428571,0.22656387709079023,0.27968046590643914,0.1974722857142857,0.2018351428571429,0.20179957142857144,0.17915714285714285,0.9239612415644524,0.47728585066248885
2015-12-21,0.19722558167413273,0.2706622857142857,0.21692113711946098,0.28538085714285716,0.280987,0.2595963924649185,0.18500678571428572,0.1984322144683166,0.29236060813232007,0.18604842857142856,0.17033057142857144,0.20568364285714286,0.16659042857142856,0.8998863893174103,0.49693026878561497
2015-12-22,0.19289104997705314,0.24411671428571427,0.21496551305093103,0.2991402857142857,0.2681989285714286,0.24128403314610355,0.18425535714285715,0.18948328237934345,0.26844331480081607,0.16627999999999998,0.1551212857142857,0.19344450000000002,0.1491617857142857,0.7762030725674318,0.5000195008101698
2015-12-23,0.19459224074972775,0.2402705,0.2165898529027498,0.28836799999999996,0.26787649999999996,0.24948691013039753,0.169969,0.18815890139777444,0.2643916314534344,0.158629,0.1494815,0.17790650000000002,0.1339535,0.6321943500964379,0.5185901134283587
2015-12-24,0.20399922570123777,0.24621685714285715,0.2243145448986048,0.2624371428571428,0.2629325714285714,0.25871407774427,0.16908971428571426,0.19218161172886583,0.2650596226381306,0.166781,0.1507983571428571,0.17641264285714287,0.13730499999999998,0.6495104582914686,0.5262219612089695
2015-12-28,0.22873258695199072,0.27546314285714285,0.25199243393486376,0.27984421428571427,0.2709236428571429,0.293394625905821,0.17697499999999997,0.21729179414729405,0.30961209817084023,0.19048328571428572,0.16796214285714287,0.18506550000000002,0.14630214285714285,0.5942382934424535,0.5241115580297321
2015-12-29,0.21870016054319127,0.28100457142857144,0.21363754305000138,0.27116271428571426,0.2724661428571428,0.29702991892083475,0.17099585714285714,0.2238139222960212,0.3109936302248668,0.18092507142857145,0.16735414285714284,0.17284792857142858,0.13570557142857145,0.5350129737342213,0.5422640162937793
2015-12-30,0.21502492162537812,0.289292,0.25061456410567,0.2756465,0.26740800000000003,0.30035941143148615,0.1809005,0.2304973992217022,0.3065808550315479,0.18985849999999999,0.176929,0.1784905,0.14389000000000002,0.5844116098150998,0.540056051169349
2015-12-31,0.25919211196427255,0.285387,0.2624129833525773,0.26907435714285716,0.2712914285714285,0.3367348558027517,0.19009285714285715,0.2378367800656576,0.32366964380676794,0.201266,0.18260257142857145,0.1900287857142857,0.1551257142857143,0.5832360251153245,0.5476745025234422
